订单号,订单日期,月份,类别,子类别,单价,数量,总销售额,折扣率,利润,地区,颜色,尺码,客户ID,利润率
DD101594,2024-08-14,8,上衣,卫衣,200.0,1,200.0,100,118.62,东北,米色,L,C10565,59.31
DD100197,2024-05-14,5,配饰,围巾,150.0,2,270.0,90,178.66,华中,白色,XXL,C10249,66.17
DD100240,2024-06-18,6,上衣,衬衫,170.0,1,170.0,100,94.13,西南,黑色,S,C10246,55.37
DD102127,2024-07-15,7,上衣,T恤,360.0,2,720.0,100,453.75,西南,驼色,XXL,C10384,63.02
DD101588,2024-07-25,7,裤装,休闲裤,210.0,2,399.0,95,200.73,华南,灰色,M,C10085,50.31
DD101935,2024-10-17,10,连衣裙,衬衫裙,620.0,1,620.0,100,332.33,华南,灰色,M,C10081,53.6
DD101663,2024-12-17,12,上衣,衬衫,340.0,1,306.0,90,184.26,华南,驼色,L,C10309,60.22
DD100487,2024-10-18,10,连衣裙,衬衫裙,410.0,1,410.0,100,206.16,华南,米色,S,C10361,50.28
DD100791,2024-05-24,5,裤装,牛仔裤,210.0,1,178.5,85,102.0,华南,黑色,XL,C10024,57.14
DD102079,2024-12-16,12,上衣,针织衫,330.0,1,330.0,100,199.48,华中,灰色,M,C10585,60.45
DD102351,2024-10-06,10,连衣裙,针织裙,520.0,1,520.0,100,300.56,华东,墨绿,M,C10006,57.8
DD101323,2024-10-19,10,上衣,T恤,130.0,1,130.0,100,73.08,华南,灰色,M,C10515,56.22
DD100171,2024-10-06,10,裤装,休闲裤,370.0,1,370.0,100,176.85,西南,白色,M,C10518,47.8
DD100045,2024-01-06,1,连衣裙,A字裙,470.0,1,376.0,80,200.09,华南,白色,M,C10084,53.22
DD100057,2024-10-26,10,连衣裙,针织裙,620.0,1,620.0,100,315.88,东北,白色,L,C10074,50.95
DD100176,2024-05-22,5,外套,风衣,630.0,1,598.5,95,285.5,东北,藏青,XL,C10380,47.7
DD101581,2024-10-19,10,上衣,针织衫,250.0,3,525.0,70,292.52,华中,黑色,L,C10118,55.72
DD101719,2024-11-03,11,裤装,短裤,370.0,4,1480.0,100,677.78,华南,酒红,L,C10526,45.8
DD101454,2024-12-08,12,上衣,T恤,210.0,1,178.5,85,101.32,华东,墨绿,M,C10050,56.76
DD101135,2024-05-10,5,裤装,牛仔裤,560.0,1,560.0,100,264.82,东北,驼色,XL,C10043,47.29
DD102072,2024-09-22,9,裤装,休闲裤,280.0,1,280.0,100,138.06,华中,酒红,M,C10069,49.31
DD100411,2024-08-13,8,外套,风衣,1120.0,1,1008.0,90,394.13,华南,白色,L,C10125,39.1
DD102054,2024-03-05,3,裤装,短裤,340.0,1,340.0,100,174.88,华北,藏青,L,C10512,51.44
DD101689,2024-09-04,9,连衣裙,衬衫裙,680.0,1,646.0,95,376.92,西南,黑色,XL,C10522,58.35
DD101973,2024-02-20,2,上衣,针织衫,110.0,1,99.0,90,57.2,东北,墨绿,XS,C10023,57.78
DD100529,2024-01-14,1,连衣裙,吊带裙,430.0,1,430.0,100,264.73,华北,米色,L,C10212,61.57
DD102074,2024-12-28,12,上衣,卫衣,90.0,1,90.0,100,56.03,华东,黑色,XXL,C10358,62.26
DD101179,2024-06-11,6,裤装,休闲裤,500.0,3,1425.0,95,762.85,华北,灰色,XL,C10580,53.53
DD101300,2024-11-06,11,外套,羽绒服,1190.0,1,1190.0,100,466.6,华北,黑色,M,C10359,39.21
DD101118,2024-03-11,3,连衣裙,吊带裙,540.0,2,1080.0,100,551.42,华东,黑色,L,C10301,51.06
DD100528,2024-03-13,3,上衣,卫衣,210.0,1,210.0,100,130.07,华东,墨绿,M,C10040,61.94
DD102114,2024-10-06,10,外套,夹克,980.0,1,980.0,100,462.54,华南,酒红,XS,C10490,47.2
DD100790,2024-08-22,8,上衣,T恤,190.0,1,171.0,90,98.21,华北,白色,M,C10474,57.43
DD101340,2024-01-29,1,裤装,牛仔裤,480.0,1,480.0,100,257.74,华南,白色,S,C10375,53.7
DD101284,2024-06-07,6,连衣裙,衬衫裙,470.0,3,1410.0,100,825.98,华中,黑色,M,C10157,58.58
DD101453,2024-06-12,6,上衣,衬衫,390.0,1,390.0,100,245.89,华北,米色,XL,C10326,63.05
DD101804,2024-10-27,10,外套,羽绒服,960.0,1,864.0,90,342.78,华南,米色,L,C10297,39.67
DD100174,2024-07-17,7,连衣裙,吊带裙,310.0,1,294.5,95,150.38,华南,灰色,M,C10576,51.06
DD102209,2024-03-28,3,裤装,西装裤,390.0,3,1111.5,95,552.08,华东,酒红,M,C10209,49.67
DD101718,2024-05-26,5,外套,风衣,970.0,2,1940.0,100,935.97,华北,墨绿,L,C10349,48.25
DD101299,2024-01-04,1,配饰,包包,160.0,1,160.0,100,113.12,东北,驼色,XL,C10480,70.7
DD100189,2024-04-09,4,上衣,卫衣,230.0,1,218.5,95,135.99,东北,黑色,XS,C10067,62.24
DD100212,2024-07-25,7,上衣,T恤,280.0,2,560.0,100,307.34,华北,白色,M,C10364,54.88
DD101026,2024-10-08,10,连衣裙,针织裙,310.0,1,263.5,85,144.12,华南,白色,M,C10569,54.69
DD102076,2024-05-24,5,配饰,帽子,100.0,1,70.0,70,42.88,西南,墨绿,M,C10436,61.26
DD101551,2024-09-28,9,连衣裙,A字裙,600.0,1,600.0,100,357.05,华北,驼色,L,C10299,59.51
DD101335,2024-05-28,5,裤装,短裤,270.0,2,513.0,95,274.39,华东,墨绿,M,C10442,53.49
DD102519,2024-04-12,4,连衣裙,吊带裙,220.0,1,110.0,50,63.27,华南,墨绿,L,C10019,57.52
DD101955,2024-10-01,10,裤装,西装裤,570.0,2,1140.0,100,574.37,西南,酒红,S,C10318,50.38
DD100388,2024-05-20,5,裤装,西装裤,440.0,1,440.0,100,237.26,东北,墨绿,XL,C10360,53.92
DD100451,2024-02-12,2,上衣,针织衫,360.0,1,324.0,90,198.02,华东,驼色,XL,C10508,61.12
DD100808,2024-05-19,5,连衣裙,衬衫裙,670.0,1,636.5,95,368.55,华南,酒红,XL,C10211,57.9
DD100889,2024-06-25,6,上衣,T恤,330.0,1,330.0,100,197.67,华东,墨绿,L,C10566,59.9
DD102163,2024-05-08,5,裤装,休闲裤,550.0,2,1100.0,100,531.26,东北,驼色,L,C10264,48.3
DD101768,2024-04-13,4,配饰,围巾,100.0,1,85.0,85,62.05,华中,藏青,S,C10126,73.0
DD100508,2024-04-09,4,上衣,卫衣,340.0,1,289.0,85,180.36,华东,米色,L,C10260,62.41
DD100681,2024-12-27,12,上衣,针织衫,360.0,1,324.0,90,180.5,华东,墨绿,L,C10501,55.71
DD100071,2024-06-06,6,连衣裙,A字裙,660.0,1,627.0,95,343.23,华中,黑色,S,C10083,54.74
DD102425,2024-11-07,11,上衣,衬衫,110.0,2,220.0,100,116.86,华东,墨绿,L,C10562,53.12
DD100195,2024-04-13,4,上衣,卫衣,90.0,1,90.0,100,59.58,华南,驼色,XL,C10317,66.2
DD100074,2024-09-11,9,外套,夹克,1200.0,1,1020.0,85,385.1,华中,墨绿,XS,C10442,37.75
DD101314,2024-01-25,1,裤装,休闲裤,320.0,2,576.0,90,284.94,华南,灰色,M,C10480,49.47
DD100408,2024-08-11,8,上衣,卫衣,190.0,1,171.0,90,94.82,东北,驼色,L,C10197,55.45
DD102501,2024-04-17,4,配饰,围巾,150.0,1,142.5,95,97.51,华东,驼色,L,C10036,68.43
DD101564,2024-08-20,8,上衣,卫衣,230.0,1,115.0,50,64.46,东北,白色,XL,C10036,56.05
DD101388,2024-05-22,5,外套,风衣,1200.0,1,1080.0,90,447.75,华东,白色,M,C10000,41.46
DD101478,2024-07-09,7,连衣裙,针织裙,360.0,1,252.0,70,145.45,东北,白色,S,C10376,57.72
DD102348,2024-09-26,9,上衣,T恤,270.0,1,270.0,100,163.96,华中,米色,M,C10089,60.73
DD101150,2024-01-24,1,配饰,围巾,160.0,1,136.0,85,89.5,东北,白色,L,C10039,65.81
DD102516,2024-04-15,4,配饰,腰带,210.0,1,189.0,90,132.05,华东,灰色,M,C10485,69.87
DD101617,2024-04-02,4,上衣,衬衫,100.0,4,380.0,95,225.49,华北,米色,L,C10372,59.34
DD101058,2024-08-02,8,配饰,包包,130.0,1,104.0,80,71.46,西南,驼色,XXL,C10541,68.71
DD100765,2024-07-22,7,裤装,短裤,440.0,4,1760.0,100,935.25,西南,黑色,XS,C10025,53.14
DD101104,2024-09-08,9,上衣,衬衫,210.0,1,210.0,100,120.68,华南,藏青,S,C10508,57.47
DD101678,2024-05-06,5,配饰,帽子,40.0,1,32.0,80,20.8,东北,米色,XXL,C10451,65.0
DD101449,2024-05-11,5,上衣,针织衫,180.0,1,180.0,100,112.58,东北,藏青,XL,C10279,62.54
DD102084,2024-04-10,4,配饰,帽子,100.0,1,85.0,85,55.51,东北,驼色,XXL,C10593,65.31
DD100669,2024-12-14,12,外套,羽绒服,710.0,1,710.0,100,287.98,西南,黑色,XXL,C10599,40.56
DD101622,2024-01-19,1,连衣裙,A字裙,670.0,1,603.0,90,320.37,东北,酒红,L,C10420,53.13
DD101357,2024-05-20,5,上衣,针织衫,120.0,2,240.0,100,131.28,华北,米色,S,C10441,54.7
DD101208,2024-09-23,9,连衣裙,A字裙,410.0,1,410.0,100,229.04,华北,墨绿,L,C10502,55.86
DD100472,2024-03-07,3,外套,夹克,1210.0,1,1210.0,100,554.31,西南,酒红,M,C10580,45.81
DD101271,2024-08-03,8,连衣裙,针织裙,310.0,1,310.0,100,150.87,华北,米色,S,C10316,48.67
DD101303,2024-01-26,1,外套,大衣,650.0,1,650.0,100,326.66,东北,米色,L,C10541,50.26
DD102536,2024-02-24,2,上衣,卫衣,290.0,1,275.5,95,155.52,华南,酒红,XS,C10244,56.45
DD101548,2024-06-06,6,上衣,衬衫,260.0,1,156.0,60,87.1,华东,酒红,M,C10255,55.83
DD100810,2024-09-18,9,上衣,衬衫,100.0,1,100.0,100,59.45,华中,酒红,XXL,C10501,59.45
DD101361,2024-10-22,10,连衣裙,吊带裙,670.0,1,636.5,95,336.39,西南,米色,XXL,C10364,52.85
DD101270,2024-11-19,11,外套,羽绒服,840.0,1,840.0,100,368.85,华中,黑色,M,C10138,43.91
DD101331,2024-05-11,5,配饰,包包,280.0,1,266.0,95,167.44,西南,米色,S,C10215,62.95
DD100655,2024-03-18,3,上衣,衬衫,220.0,2,418.0,95,249.63,华东,白色,M,C10468,59.72
DD100835,2024-03-13,3,裤装,牛仔裤,240.0,1,228.0,95,127.56,华南,藏青,S,C10280,55.95
DD100891,2024-12-06,12,上衣,衬衫,130.0,2,221.0,85,130.54,东北,酒红,XS,C10571,59.07
DD101237,2024-05-12,5,连衣裙,衬衫裙,570.0,1,570.0,100,316.2,东北,墨绿,L,C10006,55.47
DD100319,2024-06-27,6,连衣裙,A字裙,500.0,1,500.0,100,299.22,华东,米色,M,C10302,59.84
DD101672,2024-08-06,8,外套,夹克,460.0,1,437.0,95,170.26,西南,藏青,L,C10276,38.96
DD102041,2024-07-24,7,连衣裙,针织裙,220.0,1,220.0,100,111.89,华南,藏青,XS,C10265,50.86
DD100423,2024-05-09,5,裤装,牛仔裤,310.0,2,620.0,100,293.63,华北,驼色,M,C10377,47.36
DD100603,2024-11-20,11,裤装,牛仔裤,240.0,1,192.0,80,94.74,华南,酒红,L,C10446,49.34
DD101339,2024-03-07,3,上衣,T恤,260.0,2,494.0,95,257.3,西南,灰色,XXL,C10446,52.09
DD101801,2024-07-19,7,上衣,衬衫,200.0,1,190.0,95,104.9,华北,米色,XL,C10338,55.21
DD100355,2024-09-22,9,连衣裙,针织裙,510.0,2,1020.0,100,596.47,华北,白色,M,C10076,58.48
DD100044,2024-09-20,9,连衣裙,A字裙,270.0,1,270.0,100,129.23,华中,黑色,M,C10098,47.86
DD101869,2024-11-19,11,裤装,短裤,290.0,1,203.0,70,102.44,华北,酒红,M,C10562,50.46
DD100932,2024-07-10,7,外套,夹克,1250.0,1,1250.0,100,496.97,华中,酒红,L,C10192,39.76
DD101394,2024-05-29,5,外套,羽绒服,840.0,1,756.0,90,387.02,华南,白色,L,C10369,51.19
DD102119,2024-04-27,4,裤装,牛仔裤,170.0,1,153.0,90,84.53,华北,藏青,S,C10134,55.25
DD100619,2024-04-11,4,连衣裙,针织裙,440.0,1,440.0,100,241.75,华北,驼色,XS,C10373,54.94
DD100783,2024-09-15,9,连衣裙,针织裙,580.0,1,580.0,100,339.17,东北,藏青,M,C10014,58.48
DD100679,2024-07-24,7,裤装,西装裤,510.0,1,459.0,90,259.66,西南,白色,M,C10307,56.57
DD100963,2024-05-11,5,连衣裙,吊带裙,210.0,1,210.0,100,119.98,东北,驼色,XXL,C10577,57.13
DD102091,2024-11-10,11,上衣,卫衣,220.0,1,187.0,85,112.0,华北,灰色,XL,C10405,59.89
DD101777,2024-08-18,8,裤装,休闲裤,470.0,1,423.0,90,246.19,华南,黑色,M,C10031,58.2
DD101990,2024-09-04,9,裤装,西装裤,350.0,4,1400.0,100,687.56,华南,酒红,M,C10590,49.11
DD101437,2024-11-21,11,外套,夹克,960.0,1,960.0,100,365.22,东北,酒红,XS,C10409,38.04
DD101595,2024-09-18,9,配饰,围巾,80.0,1,72.0,90,52.97,华北,黑色,XS,C10060,73.57
DD102034,2024-05-09,5,连衣裙,吊带裙,560.0,1,560.0,100,317.49,西南,藏青,XXL,C10468,56.69
DD101570,2024-06-08,6,配饰,帽子,50.0,2,85.0,85,56.9,华北,黑色,XXL,C10317,66.94
DD101628,2024-11-13,11,上衣,T恤,160.0,1,160.0,100,84.99,西南,藏青,L,C10476,53.12
DD101731,2024-04-06,4,裤装,短裤,500.0,1,425.0,85,249.74,华北,驼色,XL,C10472,58.76
DD101287,2024-12-08,12,裤装,牛仔裤,160.0,1,160.0,100,84.76,华北,驼色,S,C10052,52.98
DD102415,2024-10-04,10,连衣裙,A字裙,400.0,1,380.0,95,204.16,华东,驼色,M,C10550,53.73
DD100179,2024-06-07,6,上衣,衬衫,190.0,2,304.0,80,183.77,华东,藏青,M,C10519,60.45
DD101194,2024-05-17,5,裤装,牛仔裤,190.0,1,180.5,95,96.28,华南,酒红,M,C10586,53.34
DD100322,2024-12-11,12,连衣裙,针织裙,680.0,1,680.0,100,422.87,西南,黑色,M,C10551,62.19
DD101445,2024-01-29,1,裤装,短裤,430.0,1,408.5,95,230.78,华中,米色,L,C10443,56.49
DD102366,2024-03-14,3,连衣裙,衬衫裙,500.0,1,425.0,85,261.94,华东,黑色,XL,C10037,61.63
DD101702,2024-10-26,10,外套,羽绒服,760.0,2,1292.0,85,573.69,东北,藏青,L,C10270,44.4
DD100830,2024-10-10,10,连衣裙,针织裙,350.0,2,630.0,90,385.6,华南,藏青,L,C10348,61.21
DD101923,2024-05-01,5,配饰,包包,230.0,4,828.0,90,565.98,西南,驼色,S,C10312,68.36
DD102368,2024-09-25,9,上衣,卫衣,270.0,1,270.0,100,168.49,华北,灰色,XS,C10575,62.4
DD100863,2024-04-11,4,裤装,短裤,590.0,1,590.0,100,288.46,西南,米色,M,C10452,48.89
DD102330,2024-07-17,7,连衣裙,针织裙,310.0,1,310.0,100,166.83,华中,墨绿,XL,C10141,53.82
DD102085,2024-11-27,11,外套,羽绒服,860.0,1,688.0,80,260.39,华中,米色,M,C10418,37.85
DD101957,2024-06-04,6,上衣,衬衫,300.0,1,270.0,90,172.32,华北,藏青,XL,C10150,63.82
DD100788,2024-04-08,4,上衣,卫衣,260.0,2,494.0,95,287.67,华北,酒红,L,C10090,58.23
DD101392,2024-09-12,9,连衣裙,针织裙,660.0,1,660.0,100,402.26,华中,米色,L,C10027,60.95
DD101905,2024-11-15,11,配饰,帽子,130.0,2,234.0,90,153.78,西南,驼色,XL,C10516,65.72
DD102363,2024-02-07,2,上衣,针织衫,180.0,1,144.0,80,84.74,华南,米色,XL,C10519,58.85
DD100656,2024-08-14,8,上衣,针织衫,130.0,2,156.0,60,94.79,西南,藏青,XS,C10419,60.76
DD100938,2024-07-23,7,上衣,针织衫,380.0,1,380.0,100,232.82,华北,墨绿,L,C10007,61.27
DD101868,2024-04-26,4,连衣裙,吊带裙,660.0,1,627.0,95,350.4,西南,酒红,L,C10342,55.89
DD101229,2024-05-19,5,上衣,衬衫,300.0,1,300.0,100,170.75,华南,酒红,L,C10459,56.92
DD100566,2024-10-03,10,裤装,短裤,450.0,1,382.5,85,206.15,华南,灰色,M,C10284,53.9
DD101901,2024-07-23,7,上衣,衬衫,190.0,1,190.0,100,111.69,华中,墨绿,M,C10098,58.78
DD102061,2024-01-05,1,连衣裙,吊带裙,220.0,2,440.0,100,262.57,华中,驼色,XL,C10410,59.68
DD100837,2024-09-15,9,上衣,卫衣,340.0,1,306.0,90,161.21,华南,藏青,XL,C10508,52.68
DD100533,2024-04-24,4,外套,羽绒服,1020.0,1,918.0,90,420.35,华东,灰色,M,C10420,45.79
DD101835,2024-09-17,9,上衣,针织衫,310.0,2,620.0,100,394.65,东北,藏青,L,C10268,63.65
DD101387,2024-06-21,6,连衣裙,针织裙,690.0,1,483.0,70,256.22,华中,藏青,M,C10302,53.05
DD101553,2024-10-11,10,裤装,短裤,380.0,2,684.0,90,321.54,华北,黑色,M,C10025,47.01
DD102088,2024-10-23,10,配饰,围巾,190.0,3,541.5,95,332.1,华中,酒红,L,C10389,61.33
DD100094,2024-07-28,7,配饰,帽子,170.0,1,85.0,50,52.65,华中,墨绿,L,C10088,61.94
DD102205,2024-02-18,2,连衣裙,吊带裙,510.0,1,433.5,85,252.72,西南,黑色,M,C10207,58.3
DD101099,2024-12-11,12,连衣裙,吊带裙,280.0,1,266.0,95,139.64,华中,藏青,XXL,C10274,52.5
DD100565,2024-05-23,5,上衣,卫衣,330.0,1,313.5,95,174.06,西南,驼色,L,C10207,55.52
DD100283,2024-05-06,5,连衣裙,A字裙,280.0,1,266.0,95,146.42,华南,酒红,L,C10573,55.05
DD100135,2024-03-05,3,裤装,休闲裤,460.0,1,460.0,100,223.53,西南,灰色,S,C10217,48.59
DD100811,2024-05-22,5,连衣裙,衬衫裙,450.0,1,405.0,90,231.06,东北,灰色,M,C10375,57.05
DD102097,2024-05-15,5,裤装,牛仔裤,540.0,1,486.0,90,255.03,东北,墨绿,M,C10432,52.48
DD100680,2024-10-10,10,裤装,休闲裤,510.0,1,484.5,95,273.64,华中,灰色,XL,C10521,56.48
DD101725,2024-07-05,7,上衣,卫衣,180.0,2,342.0,95,212.75,西南,白色,L,C10585,62.21
DD102451,2024-04-14,4,裤装,短裤,340.0,1,340.0,100,165.43,华南,灰色,L,C10192,48.66
DD100870,2024-01-27,1,连衣裙,衬衫裙,610.0,1,610.0,100,344.97,华东,白色,XL,C10076,56.55
DD101701,2024-01-05,1,上衣,衬衫,130.0,2,221.0,85,142.24,华南,藏青,M,C10321,64.36
DD101034,2024-03-22,3,裤装,牛仔裤,190.0,1,180.5,95,90.9,华南,墨绿,XS,C10483,50.36
DD101744,2024-12-24,12,上衣,卫衣,190.0,3,513.0,90,306.71,华中,米色,M,C10357,59.79
DD101274,2024-03-03,3,裤装,牛仔裤,570.0,1,541.5,95,307.79,东北,驼色,XS,C10087,56.84
DD100523,2024-01-12,1,上衣,衬衫,190.0,1,180.5,95,108.63,东北,藏青,M,C10415,60.18
DD100462,2024-06-06,6,配饰,包包,130.0,1,130.0,100,93.04,华中,米色,L,C10419,71.57
DD100436,2024-11-10,11,外套,风衣,600.0,1,540.0,90,249.26,华南,酒红,XS,C10220,46.16
DD100415,2024-12-09,12,连衣裙,吊带裙,570.0,1,456.0,80,247.13,华南,白色,S,C10100,54.2
DD100762,2024-06-03,6,连衣裙,A字裙,370.0,1,351.5,95,192.57,东北,墨绿,M,C10568,54.79
DD101134,2024-08-11,8,裤装,西装裤,250.0,2,500.0,100,269.6,华中,米色,M,C10413,53.92
DD101884,2024-10-24,10,连衣裙,A字裙,660.0,1,594.0,90,357.27,东北,米色,L,C10272,60.15
DD101360,2024-04-06,4,上衣,卫衣,330.0,1,313.5,95,197.65,华东,酒红,XL,C10100,63.05
DD100222,2024-10-10,10,外套,风衣,550.0,1,550.0,100,278.27,华北,黑色,XL,C10427,50.59
DD101051,2024-06-09,6,上衣,针织衫,180.0,1,180.0,100,107.81,华东,白色,L,C10366,59.89
DD102396,2024-07-18,7,上衣,衬衫,130.0,1,130.0,100,69.09,东北,灰色,L,C10431,53.15
DD102587,2024-06-24,6,上衣,针织衫,340.0,1,272.0,80,164.88,华南,米色,S,C10051,60.62
DD101693,2024-12-16,12,外套,夹克,470.0,1,470.0,100,218.57,东北,黑色,L,C10144,46.5
DD100999,2024-01-06,1,上衣,针织衫,120.0,3,252.0,70,161.26,华南,酒红,L,C10212,63.99
DD100820,2024-06-05,6,上衣,衬衫,160.0,1,152.0,95,82.29,华中,藏青,L,C10394,54.14
DD102384,2024-02-02,2,连衣裙,针织裙,700.0,1,700.0,100,349.75,华中,黑色,S,C10498,49.96
DD102092,2024-06-18,6,裤装,短裤,400.0,1,360.0,90,186.2,华东,酒红,M,C10384,51.72
DD101600,2024-08-04,8,上衣,卫衣,330.0,2,594.0,90,346.1,华中,酒红,S,C10281,58.27
DD102424,2024-12-17,12,连衣裙,针织裙,510.0,1,510.0,100,302.39,华南,墨绿,M,C10486,59.29
DD100652,2024-10-21,10,上衣,卫衣,270.0,2,486.0,90,289.38,西南,黑色,M,C10516,59.54
DD102219,2024-10-22,10,上衣,T恤,300.0,1,300.0,100,188.27,华南,灰色,M,C10562,62.76
DD101042,2024-09-24,9,连衣裙,针织裙,530.0,1,530.0,100,323.59,华东,驼色,L,C10000,61.05
DD101033,2024-02-26,2,上衣,衬衫,150.0,1,135.0,90,80.57,华东,墨绿,L,C10552,59.68
DD101573,2024-10-24,10,上衣,卫衣,150.0,1,135.0,90,76.56,西南,米色,M,C10143,56.71
DD102447,2024-09-16,9,裤装,西装裤,460.0,1,460.0,100,223.19,华东,藏青,M,C10134,48.52
DD102282,2024-04-23,4,上衣,卫衣,330.0,2,660.0,100,434.29,华东,米色,XL,C10099,65.8
DD100394,2024-10-05,10,上衣,卫衣,120.0,2,216.0,90,122.8,华东,藏青,L,C10049,56.85
DD102545,2024-03-21,3,连衣裙,衬衫裙,680.0,1,408.0,60,227.18,华南,驼色,XS,C10185,55.68
DD102105,2024-10-17,10,配饰,围巾,140.0,2,280.0,100,179.49,东北,驼色,XXL,C10171,64.1
DD100297,2024-04-06,4,外套,夹克,990.0,1,940.5,95,361.55,东北,藏青,M,C10308,38.44
DD101757,2024-05-17,5,裤装,西装裤,550.0,1,550.0,100,268.56,西南,驼色,L,C10435,48.83
DD100650,2024-05-13,5,裤装,短裤,240.0,1,144.0,60,65.72,华南,驼色,L,C10260,45.64
DD100169,2024-03-05,3,配饰,腰带,230.0,1,230.0,100,145.41,东北,灰色,L,C10187,63.22
DD101226,2024-05-19,5,配饰,包包,90.0,1,90.0,100,56.85,华北,米色,XXL,C10511,63.17
DD101084,2024-02-23,2,外套,风衣,380.0,1,380.0,100,171.47,东北,白色,XXL,C10508,45.12
DD101062,2024-08-27,8,裤装,休闲裤,380.0,1,361.0,95,205.01,华中,米色,L,C10564,56.79
DD101399,2024-08-14,8,外套,夹克,680.0,1,578.0,85,296.55,华东,墨绿,L,C10531,51.31
DD101994,2024-10-19,10,配饰,围巾,290.0,1,203.0,70,138.47,华北,米色,L,C10584,68.21
DD101690,2024-08-23,8,上衣,T恤,180.0,3,513.0,95,323.78,西南,藏青,M,C10241,63.12
DD100606,2024-08-16,8,连衣裙,针织裙,450.0,1,450.0,100,241.92,华中,灰色,XL,C10590,53.76
DD100211,2024-08-10,8,连衣裙,A字裙,220.0,3,462.0,70,258.96,西南,墨绿,M,C10227,56.05
DD101085,2024-04-19,4,连衣裙,吊带裙,680.0,1,646.0,95,323.65,华南,藏青,L,C10096,50.1
DD102486,2024-06-04,6,上衣,衬衫,150.0,1,127.5,85,71.91,华南,藏青,S,C10540,56.4
DD102087,2024-10-13,10,外套,大衣,1290.0,2,2580.0,100,1214.76,东北,白色,S,C10504,47.08
DD101969,2024-01-22,1,上衣,卫衣,370.0,1,351.5,95,190.58,华南,灰色,S,C10294,54.22
DD100890,2024-04-23,4,裤装,西装裤,400.0,1,400.0,100,200.43,华东,藏青,XL,C10027,50.11
DD100234,2024-05-21,5,裤装,牛仔裤,290.0,1,232.0,80,117.42,华东,白色,XS,C10360,50.61
DD100112,2024-06-10,6,外套,大衣,740.0,1,703.0,95,303.05,华北,白色,M,C10355,43.11
DD101613,2024-12-20,12,配饰,帽子,210.0,1,210.0,100,128.52,华中,墨绿,XS,C10219,61.2
DD102595,2024-11-09,11,连衣裙,A字裙,430.0,1,430.0,100,209.89,华中,墨绿,L,C10251,48.81
DD101538,2024-12-04,12,裤装,西装裤,250.0,1,225.0,90,106.75,东北,灰色,M,C10328,47.44
DD100930,2024-10-06,10,连衣裙,吊带裙,530.0,1,450.5,85,243.92,华北,驼色,L,C10210,54.14
DD102459,2024-06-13,6,上衣,衬衫,360.0,4,1440.0,100,857.88,华南,墨绿,M,C10283,59.58
DD100255,2024-05-24,5,上衣,针织衫,240.0,1,240.0,100,125.49,华北,米色,XS,C10463,52.29
DD100052,2024-05-15,5,上衣,衬衫,300.0,1,270.0,90,158.2,东北,米色,XXL,C10572,58.59
DD100247,2024-12-09,12,上衣,T恤,180.0,1,180.0,100,116.63,西南,藏青,M,C10510,64.79
DD102111,2024-05-07,5,上衣,针织衫,260.0,1,247.0,95,139.24,东北,驼色,M,C10029,56.37
DD101682,2024-02-13,2,裤装,休闲裤,430.0,1,430.0,100,232.52,华东,驼色,S,C10065,54.07
DD101367,2024-06-19,6,裤装,西装裤,190.0,1,190.0,100,97.18,西南,驼色,XS,C10584,51.15
DD100227,2024-05-12,5,连衣裙,衬衫裙,540.0,1,513.0,95,316.84,华中,黑色,XL,C10053,61.76
DD101406,2024-08-11,8,连衣裙,A字裙,490.0,2,980.0,100,488.11,东北,黑色,M,C10080,49.81
DD102184,2024-06-16,6,上衣,针织衫,160.0,1,160.0,100,96.99,华北,藏青,M,C10360,60.62
DD101196,2024-08-19,8,外套,夹克,410.0,1,369.0,90,186.74,华北,黑色,M,C10292,50.61
DD100648,2024-08-22,8,连衣裙,针织裙,360.0,1,360.0,100,219.11,华中,墨绿,XL,C10464,60.86
DD102342,2024-01-28,1,上衣,衬衫,200.0,1,160.0,80,93.73,华南,藏青,M,C10338,58.58
DD102540,2024-06-21,6,连衣裙,针织裙,400.0,1,360.0,90,197.82,华东,灰色,M,C10378,54.95
DD102311,2024-05-23,5,上衣,针织衫,110.0,1,110.0,100,67.06,华北,驼色,M,C10110,60.96
DD102239,2024-11-26,11,配饰,围巾,150.0,1,135.0,90,95.85,华中,酒红,L,C10188,71.0
DD102115,2024-10-16,10,上衣,衬衫,110.0,1,93.5,85,52.03,华东,墨绿,M,C10037,55.65
DD100213,2024-02-20,2,上衣,针织衫,230.0,2,368.0,80,233.82,华北,酒红,L,C10493,63.54
DD101671,2024-09-23,9,上衣,T恤,220.0,1,209.0,95,122.13,西南,白色,XL,C10100,58.44
DD100749,2024-12-22,12,配饰,帽子,280.0,1,280.0,100,180.84,东北,墨绿,M,C10530,64.59
DD101488,2024-11-09,11,外套,夹克,910.0,1,910.0,100,426.6,华南,墨绿,XXL,C10078,46.88
DD101712,2024-11-23,11,连衣裙,A字裙,650.0,1,585.0,90,339.97,华东,藏青,M,C10500,58.11
DD102245,2024-09-15,9,连衣裙,衬衫裙,270.0,1,256.5,95,148.54,东北,藏青,XS,C10248,57.91
DD100431,2024-02-07,2,上衣,针织衫,350.0,1,350.0,100,227.97,华南,酒红,L,C10087,65.13
DD101069,2024-05-27,5,外套,大衣,580.0,1,580.0,100,276.98,华中,驼色,L,C10307,47.76
DD101193,2024-08-10,8,上衣,卫衣,300.0,1,270.0,90,170.84,华东,灰色,M,C10327,63.27
DD100671,2024-02-09,2,连衣裙,针织裙,290.0,1,203.0,70,115.81,华北,酒红,XL,C10480,57.05
DD100706,2024-04-26,4,外套,夹克,630.0,1,598.5,95,302.23,华南,酒红,XL,C10367,50.5
DD100437,2024-03-29,3,上衣,T恤,150.0,1,150.0,100,83.59,华中,白色,XS,C10356,55.73
DD101072,2024-03-16,3,外套,夹克,730.0,1,657.0,90,288.18,华南,藏青,L,C10583,43.86
DD101400,2024-10-23,10,上衣,T恤,190.0,1,190.0,100,120.13,华中,驼色,M,C10391,63.23
DD100219,2024-07-21,7,上衣,T恤,280.0,1,266.0,95,166.88,东北,白色,L,C10455,62.74
DD102432,2024-07-24,7,连衣裙,针织裙,650.0,1,650.0,100,356.5,西南,藏青,M,C10200,54.85
DD102227,2024-10-14,10,上衣,针织衫,130.0,1,130.0,100,69.34,华东,灰色,S,C10150,53.34
DD102551,2024-07-19,7,连衣裙,针织裙,260.0,1,247.0,95,132.21,东北,墨绿,M,C10045,53.53
DD100299,2024-12-27,12,上衣,卫衣,340.0,1,340.0,100,216.2,西南,黑色,M,C10012,63.59
DD102221,2024-07-28,7,裤装,短裤,590.0,3,1504.5,85,860.58,华南,黑色,XL,C10211,57.2
DD101848,2024-02-25,2,外套,风衣,530.0,4,2120.0,100,965.56,东北,米色,S,C10017,45.55
DD102153,2024-10-25,10,上衣,衬衫,100.0,1,90.0,90,47.75,华中,驼色,M,C10515,53.06
DD101826,2024-03-11,3,连衣裙,衬衫裙,310.0,1,263.5,85,159.89,东北,白色,S,C10274,60.68
DD102374,2024-06-26,6,外套,夹克,1100.0,1,1100.0,100,502.41,东北,藏青,M,C10064,45.67
DD102292,2024-11-25,11,外套,夹克,520.0,1,494.0,95,253.49,东北,酒红,XXL,C10083,51.31
DD100903,2024-04-22,4,连衣裙,针织裙,410.0,1,410.0,100,218.61,华北,墨绿,XL,C10083,53.32
DD102275,2024-07-26,7,裤装,牛仔裤,180.0,1,171.0,95,85.87,华中,藏青,S,C10284,50.22
DD101126,2024-11-13,11,外套,羽绒服,1220.0,1,1220.0,100,583.62,华东,墨绿,XXL,C10359,47.84
DD101079,2024-07-03,7,上衣,针织衫,340.0,1,340.0,100,211.56,东北,驼色,M,C10375,62.22
DD100766,2024-12-03,12,上衣,卫衣,180.0,1,153.0,85,81.33,华中,白色,XXL,C10406,53.16
DD101741,2024-07-21,7,连衣裙,针织裙,650.0,1,650.0,100,357.1,西南,黑色,S,C10322,54.94
DD100290,2024-01-15,1,裤装,西装裤,470.0,1,470.0,100,250.66,华北,墨绿,M,C10124,53.33
DD102522,2024-01-14,1,连衣裙,吊带裙,620.0,1,434.0,70,246.77,东北,藏青,M,C10163,56.86
DD100813,2024-05-25,5,裤装,短裤,590.0,2,1062.0,90,591.83,西南,酒红,M,C10114,55.73
DD100912,2024-01-15,1,外套,风衣,1050.0,1,1050.0,100,409.76,华北,黑色,L,C10408,39.02
DD100971,2024-10-14,10,连衣裙,A字裙,290.0,1,261.0,90,147.27,西南,藏青,M,C10116,56.43
DD101422,2024-10-05,10,裤装,牛仔裤,550.0,3,1650.0,100,750.35,华南,灰色,L,C10444,45.48
DD101090,2024-01-07,1,上衣,卫衣,170.0,1,144.5,85,78.0,华南,黑色,L,C10179,53.98
DD102481,2024-04-27,4,上衣,衬衫,290.0,1,290.0,100,176.72,东北,灰色,S,C10349,60.94
DD101045,2024-06-22,6,上衣,衬衫,110.0,1,110.0,100,60.71,华北,酒红,XL,C10340,55.19
DD100260,2024-11-22,11,连衣裙,A字裙,410.0,1,389.5,95,234.26,华中,白色,L,C10133,60.14
DD100097,2024-06-20,6,连衣裙,A字裙,480.0,1,456.0,95,225.99,华北,墨绿,L,C10352,49.56
DD100252,2024-12-03,12,连衣裙,针织裙,550.0,1,522.5,95,257.07,华北,白色,S,C10543,49.2
DD102073,2024-06-27,6,连衣裙,针织裙,660.0,1,660.0,100,367.76,华中,驼色,M,C10025,55.72
DD100509,2024-04-16,4,裤装,西装裤,520.0,3,1482.0,95,768.05,华南,藏青,L,C10497,51.83
DD100368,2024-05-18,5,上衣,T恤,260.0,1,260.0,100,148.59,华中,灰色,S,C10196,57.15
DD101074,2024-08-17,8,连衣裙,吊带裙,250.0,2,450.0,90,273.11,华南,藏青,L,C10552,60.69
DD102500,2024-06-10,6,上衣,T恤,220.0,1,220.0,100,144.87,西南,驼色,L,C10035,65.85
DD101533,2024-05-26,5,上衣,T恤,250.0,1,250.0,100,148.75,西南,米色,M,C10453,59.5
DD101974,2024-04-21,4,连衣裙,衬衫裙,600.0,1,510.0,85,251.19,华北,黑色,M,C10162,49.25
DD101815,2024-10-17,10,裤装,西装裤,370.0,1,333.0,90,172.4,东北,米色,XXL,C10028,51.77
DD101500,2024-05-27,5,上衣,卫衣,160.0,1,128.0,80,79.93,华中,驼色,M,C10091,62.45
DD101426,2024-11-01,11,上衣,衬衫,230.0,1,195.5,85,115.04,华北,黑色,L,C10414,58.84
DD101562,2024-10-05,10,外套,风衣,1000.0,2,2000.0,100,827.98,西南,藏青,XXL,C10338,41.4
DD100931,2024-07-13,7,配饰,围巾,80.0,2,144.0,90,89.0,华南,酒红,XL,C10486,61.81
DD101657,2024-08-21,8,外套,风衣,570.0,1,570.0,100,283.68,华中,米色,XL,C10054,49.77
DD102387,2024-01-07,1,外套,风衣,1200.0,2,2400.0,100,1178.86,华中,黑色,L,C10058,49.12
DD100412,2024-03-16,3,连衣裙,A字裙,480.0,2,912.0,95,491.41,西南,黑色,S,C10186,53.88
DD101865,2024-09-08,9,裤装,西装裤,470.0,1,470.0,100,243.35,华东,黑色,XL,C10355,51.78
DD101988,2024-09-17,9,连衣裙,衬衫裙,640.0,1,608.0,95,316.53,华中,黑色,XL,C10577,52.06
DD102169,2024-09-15,9,裤装,休闲裤,400.0,1,400.0,100,228.21,华东,黑色,L,C10459,57.05
DD102394,2024-07-22,7,连衣裙,针织裙,300.0,1,300.0,100,167.88,华中,驼色,XL,C10164,55.96
DD102064,2024-04-17,4,外套,羽绒服,1130.0,1,960.5,85,392.17,华北,白色,M,C10136,40.83
DD102123,2024-04-03,4,外套,羽绒服,620.0,1,558.0,90,223.11,东北,驼色,M,C10024,39.98
DD100481,2024-04-12,4,连衣裙,A字裙,690.0,1,690.0,100,361.85,华东,白色,L,C10114,52.44
DD100860,2024-06-08,6,配饰,围巾,160.0,1,128.0,80,92.3,华东,白色,M,C10213,72.11
DD100031,2024-10-09,10,配饰,包包,90.0,1,90.0,100,62.98,华南,米色,M,C10089,69.98
DD100742,2024-05-19,5,连衣裙,A字裙,330.0,1,313.5,95,171.82,华中,墨绿,XXL,C10584,54.81
DD101747,2024-09-13,9,外套,夹克,560.0,1,532.0,95,208.11,华南,驼色,XL,C10087,39.12
DD101873,2024-10-04,10,配饰,腰带,290.0,2,580.0,100,348.29,华南,墨绿,XS,C10128,60.05
DD102107,2024-03-26,3,连衣裙,衬衫裙,380.0,1,380.0,100,227.47,华东,黑色,XS,C10345,59.86
DD101205,2024-07-19,7,外套,夹克,510.0,2,1020.0,100,412.17,华东,藏青,M,C10380,40.41
DD101188,2024-11-20,11,上衣,卫衣,190.0,1,190.0,100,112.8,华南,驼色,XXL,C10499,59.37
DD102070,2024-11-26,11,连衣裙,吊带裙,380.0,1,342.0,90,209.67,华南,藏青,L,C10232,61.31
DD101717,2024-04-26,4,连衣裙,吊带裙,600.0,1,540.0,90,285.23,华中,灰色,XL,C10084,52.82
DD102381,2024-05-10,5,连衣裙,吊带裙,270.0,2,459.0,85,267.26,华东,驼色,L,C10441,58.23
DD101356,2024-10-19,10,上衣,衬衫,310.0,1,310.0,100,168.13,西南,藏青,XL,C10289,54.24
DD100568,2024-01-09,1,上衣,衬衫,180.0,1,153.0,85,81.51,西南,藏青,XXL,C10451,53.27
DD100531,2024-11-02,11,配饰,帽子,180.0,1,162.0,90,114.34,东北,藏青,L,C10479,70.58
DD102365,2024-03-15,3,上衣,衬衫,340.0,1,306.0,90,173.93,华东,酒红,XL,C10269,56.84
DD100238,2024-09-02,9,连衣裙,衬衫裙,680.0,1,408.0,60,214.89,东北,墨绿,M,C10426,52.67
DD100325,2024-08-26,8,裤装,休闲裤,170.0,1,170.0,100,95.09,华南,藏青,L,C10525,55.94
DD100110,2024-03-08,3,上衣,针织衫,300.0,2,600.0,100,387.05,华北,酒红,L,C10008,64.51
DD101704,2024-08-21,8,裤装,短裤,240.0,1,228.0,95,106.4,西南,酒红,XXL,C10358,46.67
DD101561,2024-03-02,3,连衣裙,针织裙,360.0,2,684.0,95,384.35,华南,灰色,XS,C10132,56.19
DD102125,2024-03-27,3,上衣,T恤,290.0,2,406.0,70,226.87,华中,驼色,XXL,C10262,55.88
DD101584,2024-10-27,10,连衣裙,衬衫裙,680.0,2,1360.0,100,708.84,华中,灰色,M,C10476,52.12
DD101018,2024-07-14,7,连衣裙,吊带裙,580.0,1,580.0,100,308.98,华北,米色,XS,C10554,53.27
DD100253,2024-05-21,5,上衣,卫衣,350.0,1,315.0,90,167.18,西南,墨绿,L,C10167,53.07
DD101867,2024-09-13,9,配饰,围巾,80.0,1,64.0,80,45.83,华东,米色,M,C10442,71.61
DD101264,2024-05-22,5,上衣,T恤,310.0,2,527.0,85,305.27,西南,藏青,XL,C10338,57.93
DD101279,2024-06-07,6,裤装,休闲裤,310.0,1,186.0,60,89.41,华南,驼色,S,C10276,48.07
DD102027,2024-07-14,7,外套,夹克,710.0,1,710.0,100,281.92,华北,灰色,XS,C10493,39.71
DD101951,2024-04-09,4,裤装,休闲裤,220.0,1,220.0,100,105.35,华中,驼色,S,C10406,47.89
DD101977,2024-12-25,12,外套,羽绒服,820.0,1,779.0,95,355.04,西南,藏青,XL,C10022,45.58
DD101049,2024-07-13,7,配饰,腰带,290.0,1,290.0,100,208.28,华东,白色,M,C10056,71.82
DD100369,2024-10-29,10,裤装,短裤,320.0,1,320.0,100,178.93,华中,驼色,L,C10395,55.92
DD102090,2024-05-10,5,配饰,包包,290.0,1,203.0,70,128.52,华南,酒红,XL,C10117,63.31
DD100496,2024-01-28,1,裤装,西装裤,360.0,1,360.0,100,188.46,华北,酒红,L,C10366,52.35
DD101138,2024-10-19,10,连衣裙,A字裙,300.0,1,300.0,100,142.89,华北,墨绿,S,C10477,47.63
DD102272,2024-12-16,12,上衣,针织衫,370.0,1,296.0,80,155.17,华中,酒红,S,C10531,52.42
DD100569,2024-09-13,9,上衣,卫衣,350.0,1,350.0,100,212.16,华中,墨绿,XL,C10548,60.62
DD100434,2024-10-28,10,上衣,针织衫,250.0,1,250.0,100,133.35,东北,藏青,S,C10281,53.34
DD102078,2024-07-19,7,连衣裙,针织裙,280.0,1,252.0,90,132.83,华东,灰色,M,C10117,52.71
DD101627,2024-03-13,3,连衣裙,衬衫裙,500.0,1,450.0,90,219.57,华中,藏青,XXL,C10174,48.79
DD100882,2024-04-20,4,上衣,T恤,310.0,1,310.0,100,183.42,东北,米色,L,C10349,59.17
DD101464,2024-07-03,7,上衣,卫衣,340.0,1,272.0,80,157.43,西南,驼色,XL,C10208,57.88
DD100421,2024-08-22,8,连衣裙,吊带裙,210.0,1,210.0,100,120.84,华南,藏青,XL,C10557,57.54
DD102176,2024-08-04,8,连衣裙,衬衫裙,220.0,1,176.0,80,100.31,华东,灰色,M,C10190,56.99
DD100862,2024-05-10,5,上衣,T恤,240.0,2,408.0,85,262.65,华南,酒红,M,C10227,64.38
DD101609,2024-06-04,6,外套,大衣,630.0,1,504.0,80,246.16,西南,驼色,M,C10017,48.84
DD101913,2024-04-02,4,上衣,针织衫,230.0,1,230.0,100,133.03,西南,灰色,L,C10411,57.84
DD101833,2024-07-28,7,连衣裙,针织裙,440.0,1,418.0,95,231.92,东北,墨绿,M,C10402,55.48
DD100403,2024-05-29,5,连衣裙,吊带裙,400.0,1,340.0,85,190.85,东北,墨绿,M,C10240,56.13
DD101492,2024-07-11,7,外套,大衣,330.0,1,231.0,70,89.35,华东,藏青,XXL,C10083,38.68
DD100101,2024-03-05,3,连衣裙,针织裙,670.0,1,603.0,90,315.78,东北,白色,S,C10209,52.37
DD100446,2024-09-19,9,连衣裙,针织裙,300.0,1,300.0,100,166.96,华南,墨绿,M,C10230,55.65
DD102186,2024-09-03,9,连衣裙,吊带裙,210.0,1,210.0,100,108.8,华南,米色,XXL,C10457,51.81
DD100499,2024-02-27,2,上衣,衬衫,350.0,1,332.5,95,176.01,华北,驼色,M,C10103,52.94
DD100262,2024-10-28,10,连衣裙,衬衫裙,510.0,1,510.0,100,273.8,华东,黑色,M,C10419,53.69
DD101223,2024-06-04,6,连衣裙,吊带裙,240.0,2,480.0,100,263.58,华东,白色,M,C10534,54.91
DD100917,2024-06-14,6,配饰,帽子,190.0,2,342.0,90,226.6,华东,墨绿,XL,C10221,66.26
DD100747,2024-03-18,3,连衣裙,吊带裙,390.0,1,331.5,85,183.09,华北,灰色,L,C10382,55.23
DD102333,2024-08-01,8,裤装,牛仔裤,400.0,1,400.0,100,208.28,西南,白色,L,C10208,52.07
DD100180,2024-10-06,10,外套,风衣,910.0,1,728.0,80,298.75,华东,驼色,M,C10532,41.04
DD100480,2024-04-01,4,外套,风衣,730.0,1,511.0,70,244.79,华北,墨绿,M,C10491,47.9
DD101738,2024-04-14,4,配饰,帽子,120.0,1,108.0,90,78.15,华北,黑色,M,C10177,72.36
DD101840,2024-12-19,12,裤装,休闲裤,300.0,1,300.0,100,163.15,西南,灰色,M,C10008,54.38
DD100787,2024-02-01,2,外套,风衣,790.0,2,1501.0,95,643.31,华南,白色,L,C10528,42.86
DD100651,2024-11-05,11,连衣裙,衬衫裙,490.0,1,441.0,90,245.61,华北,黑色,L,C10448,55.69
DD101821,2024-10-10,10,上衣,T恤,300.0,1,300.0,100,167.09,西南,黑色,L,C10120,55.7
DD100730,2024-04-28,4,外套,风衣,730.0,1,730.0,100,290.12,华中,灰色,XL,C10127,39.74
DD101818,2024-11-24,11,连衣裙,A字裙,470.0,1,470.0,100,280.12,华东,藏青,M,C10576,59.6
DD100760,2024-08-08,8,上衣,衬衫,320.0,1,304.0,95,181.7,西南,驼色,M,C10372,59.77
DD100658,2024-04-25,4,配饰,帽子,70.0,1,66.5,95,43.25,华中,白色,M,C10466,65.04
DD100292,2024-06-22,6,上衣,针织衫,290.0,2,522.0,90,308.65,华北,酒红,L,C10566,59.13
DD100142,2024-11-11,11,上衣,卫衣,340.0,1,289.0,85,154.03,西南,灰色,S,C10404,53.3
DD102288,2024-12-02,12,配饰,包包,60.0,4,228.0,95,145.24,华北,米色,L,C10358,63.7
DD101106,2024-09-06,9,上衣,T恤,170.0,1,102.0,60,54.43,华中,墨绿,XL,C10167,53.36
DD101174,2024-10-05,10,连衣裙,A字裙,550.0,1,522.5,95,283.26,华南,米色,L,C10172,54.21
DD102187,2024-04-29,4,上衣,T恤,380.0,1,380.0,100,242.64,华南,白色,M,C10387,63.85
DD100464,2024-11-09,11,上衣,卫衣,110.0,1,104.5,95,61.36,华东,墨绿,M,C10172,58.72
DD101386,2024-07-28,7,连衣裙,针织裙,570.0,1,570.0,100,321.96,东北,驼色,S,C10288,56.48
DD100818,2024-06-19,6,外套,夹克,950.0,1,950.0,100,471.49,华北,驼色,M,C10396,49.63
DD101413,2024-04-14,4,上衣,衬衫,110.0,1,104.5,95,59.73,东北,灰色,XXL,C10225,57.16
DD101629,2024-09-02,9,裤装,牛仔裤,470.0,1,376.0,80,209.87,华北,灰色,L,C10510,55.82
DD101282,2024-07-14,7,裤装,休闲裤,210.0,1,189.0,90,99.19,华东,灰色,M,C10478,52.48
DD101667,2024-11-18,11,上衣,T恤,390.0,2,780.0,100,422.1,东北,白色,L,C10402,54.12
DD100573,2024-02-03,2,配饰,腰带,200.0,1,120.0,60,79.5,西南,藏青,L,C10519,66.25
DD100248,2024-10-24,10,裤装,牛仔裤,290.0,1,261.0,90,127.46,东北,墨绿,XXL,C10550,48.84
DD102313,2024-02-22,2,上衣,T恤,290.0,1,261.0,90,157.19,华中,灰色,M,C10083,60.23
DD101408,2024-08-23,8,外套,夹克,780.0,1,741.0,95,304.99,华中,酒红,M,C10054,41.16
DD100756,2024-09-08,9,上衣,卫衣,150.0,1,135.0,90,86.57,华东,白色,XL,C10227,64.13
DD101607,2024-07-24,7,连衣裙,针织裙,390.0,1,351.0,90,180.4,华中,驼色,S,C10199,51.4
DD102216,2024-03-25,3,上衣,衬衫,220.0,1,198.0,90,124.37,华中,驼色,L,C10144,62.81
DD100348,2024-02-19,2,上衣,衬衫,340.0,2,680.0,100,360.09,东北,灰色,XL,C10355,52.95
DD101232,2024-04-14,4,连衣裙,衬衫裙,220.0,1,220.0,100,113.97,东北,白色,XL,C10133,51.8
DD100757,2024-05-23,5,上衣,针织衫,360.0,1,288.0,80,178.77,东北,酒红,S,C10262,62.07
DD100030,2024-08-06,8,上衣,卫衣,380.0,2,722.0,95,393.9,华北,藏青,S,C10426,54.56
DD100555,2024-09-16,9,上衣,针织衫,200.0,1,180.0,90,96.95,东北,酒红,S,C10502,53.86
DD101633,2024-10-25,10,上衣,针织衫,300.0,1,300.0,100,184.43,东北,藏青,XL,C10083,61.48
DD100618,2024-07-03,7,上衣,卫衣,290.0,1,203.0,70,111.02,东北,藏青,M,C10560,54.69
DD101365,2024-01-16,1,上衣,T恤,240.0,1,228.0,95,123.99,华中,白色,S,C10095,54.38
DD100784,2024-08-16,8,上衣,衬衫,100.0,1,100.0,100,64.23,华南,墨绿,L,C10382,64.23
DD102250,2024-03-26,3,配饰,腰带,120.0,1,114.0,95,74.05,西南,米色,S,C10034,64.96
DD100582,2024-06-15,6,连衣裙,A字裙,510.0,1,433.5,85,246.1,东北,墨绿,L,C10420,56.77
DD102277,2024-10-23,10,裤装,休闲裤,540.0,1,513.0,95,252.44,华南,藏青,M,C10000,49.21
DD101286,2024-11-22,11,上衣,卫衣,360.0,1,306.0,85,194.0,西南,白色,M,C10380,63.4
DD102542,2024-05-14,5,连衣裙,A字裙,570.0,1,570.0,100,329.11,东北,黑色,XXL,C10204,57.74
DD100158,2024-10-09,10,连衣裙,吊带裙,590.0,1,590.0,100,312.47,东北,藏青,XS,C10465,52.96
DD101601,2024-04-16,4,上衣,针织衫,170.0,1,153.0,90,95.97,东北,酒红,L,C10057,62.73
DD102468,2024-04-27,4,连衣裙,吊带裙,240.0,2,288.0,60,138.34,西南,灰色,L,C10485,48.03
DD102177,2024-05-20,5,外套,羽绒服,510.0,1,510.0,100,217.33,西南,墨绿,M,C10100,42.61
DD101338,2024-08-24,8,连衣裙,吊带裙,240.0,1,240.0,100,131.85,华中,藏青,L,C10329,54.94
DD101227,2024-09-12,9,上衣,衬衫,230.0,1,218.5,95,126.8,华北,米色,L,C10340,58.03
DD100333,2024-02-15,2,配饰,包包,120.0,1,120.0,100,86.89,华东,白色,XL,C10493,72.41
DD102038,2024-09-11,9,上衣,针织衫,190.0,2,361.0,95,195.51,西南,酒红,S,C10418,54.16
DD100433,2024-04-28,4,上衣,针织衫,140.0,1,140.0,100,91.02,华中,白色,L,C10012,65.01
DD101436,2024-04-03,4,裤装,牛仔裤,430.0,1,258.0,60,151.92,华南,墨绿,L,C10218,58.88
DD101950,2024-09-13,9,外套,夹克,430.0,1,408.5,95,201.69,华南,藏青,M,C10488,49.37
DD102472,2024-04-08,4,连衣裙,A字裙,620.0,1,620.0,100,323.14,华北,藏青,S,C10251,52.12
DD102419,2024-04-10,4,连衣裙,吊带裙,610.0,1,549.0,90,331.58,华中,白色,S,C10451,60.4
DD100354,2024-09-07,9,连衣裙,衬衫裙,260.0,1,260.0,100,133.3,华北,灰色,S,C10170,51.27
DD101438,2024-10-17,10,连衣裙,A字裙,230.0,1,218.5,95,132.54,西南,墨绿,L,C10435,60.66
DD100209,2024-08-13,8,配饰,围巾,240.0,1,240.0,100,164.13,华北,酒红,L,C10519,68.39
DD101809,2024-07-07,7,外套,大衣,970.0,1,921.5,95,385.87,华东,米色,L,C10132,41.87
DD100486,2024-10-14,10,上衣,针织衫,140.0,1,126.0,90,64.64,华南,驼色,XL,C10513,51.3
DD101852,2024-08-06,8,连衣裙,针织裙,370.0,1,351.5,95,173.19,西南,黑色,L,C10267,49.27
DD101450,2024-03-13,3,外套,夹克,710.0,2,1278.0,90,616.67,华东,墨绿,XXL,C10595,48.25
DD102051,2024-07-04,7,上衣,针织衫,350.0,2,630.0,90,339.34,华北,藏青,S,C10005,53.86
DD100622,2024-08-17,8,上衣,衬衫,130.0,1,123.5,95,69.02,华北,酒红,L,C10546,55.89
DD101558,2024-12-14,12,裤装,西装裤,180.0,1,144.0,80,69.16,西南,白色,XXL,C10544,48.03
DD101136,2024-04-11,4,外套,风衣,720.0,2,1440.0,100,699.4,华北,米色,S,C10238,48.57
DD100058,2024-12-25,12,外套,大衣,970.0,2,1843.0,95,824.36,西南,酒红,S,C10117,44.73
DD100612,2024-11-29,11,连衣裙,A字裙,670.0,1,670.0,100,377.78,华中,黑色,L,C10045,56.39
DD100768,2024-06-12,6,外套,夹克,960.0,2,1728.0,90,795.96,华东,黑色,L,C10357,46.06
DD102314,2024-06-22,6,连衣裙,针织裙,280.0,3,840.0,100,447.8,东北,酒红,M,C10028,53.31
DD100519,2024-04-05,4,连衣裙,衬衫裙,580.0,1,580.0,100,362.26,西南,灰色,XXL,C10058,62.46
DD100200,2024-11-27,11,上衣,针织衫,360.0,1,360.0,100,198.25,东北,墨绿,XL,C10267,55.07
DD100230,2024-05-10,5,连衣裙,衬衫裙,290.0,1,290.0,100,163.38,西南,黑色,M,C10527,56.34
DD102397,2024-04-02,4,配饰,腰带,140.0,1,140.0,100,89.06,东北,白色,L,C10010,63.61
DD101792,2024-06-10,6,上衣,衬衫,360.0,1,360.0,100,230.3,华中,灰色,XXL,C10077,63.97
DD101019,2024-08-10,8,上衣,卫衣,120.0,1,114.0,95,60.57,东北,驼色,M,C10443,53.13
DD100943,2024-03-20,3,裤装,休闲裤,500.0,2,1000.0,100,490.86,华北,墨绿,L,C10452,49.09
DD101481,2024-10-09,10,上衣,T恤,380.0,1,304.0,80,199.11,东北,驼色,M,C10534,65.5
DD101995,2024-05-12,5,连衣裙,吊带裙,300.0,1,285.0,95,167.54,华南,灰色,M,C10222,58.79
DD100444,2024-06-13,6,裤装,西装裤,580.0,1,580.0,100,274.57,华东,藏青,L,C10043,47.34
DD102021,2024-09-24,9,裤装,西装裤,240.0,1,240.0,100,136.75,华北,灰色,M,C10351,56.98
DD100316,2024-07-26,7,连衣裙,针织裙,680.0,1,646.0,95,377.14,华南,黑色,XL,C10359,58.38
DD100510,2024-10-07,10,连衣裙,A字裙,250.0,1,250.0,100,128.1,华南,驼色,S,C10588,51.24
DD102252,2024-05-22,5,连衣裙,衬衫裙,680.0,1,578.0,85,346.1,西南,藏青,M,C10093,59.88
DD102033,2024-06-14,6,上衣,T恤,270.0,1,270.0,100,154.17,西南,黑色,XL,C10032,57.1
DD101487,2024-07-20,7,连衣裙,针织裙,550.0,2,770.0,70,427.23,西南,黑色,XL,C10136,55.48
DD100070,2024-05-26,5,裤装,西装裤,560.0,1,560.0,100,274.71,华北,米色,M,C10178,49.06
DD102507,2024-02-22,2,裤装,牛仔裤,430.0,2,817.0,95,406.71,华东,藏青,XL,C10232,49.78
DD100458,2024-01-24,1,连衣裙,衬衫裙,380.0,1,361.0,95,210.3,东北,藏青,XXL,C10449,58.25
DD100136,2024-04-14,4,上衣,卫衣,370.0,1,370.0,100,233.06,西南,酒红,L,C10516,62.99
DD102258,2024-01-07,1,上衣,T恤,390.0,1,273.0,70,176.07,西南,白色,XL,C10396,64.49
DD101152,2024-06-18,6,裤装,牛仔裤,400.0,1,380.0,95,185.14,华南,黑色,L,C10027,48.72
DD100164,2024-07-04,7,上衣,T恤,290.0,1,275.5,95,159.84,东北,墨绿,L,C10593,58.02
DD101751,2024-04-09,4,上衣,针织衫,230.0,1,161.0,70,91.23,西南,酒红,L,C10305,56.66
DD100728,2024-03-12,3,裤装,休闲裤,340.0,1,340.0,100,166.75,华中,酒红,XXL,C10313,49.04
DD100232,2024-04-15,4,裤装,牛仔裤,190.0,1,180.5,95,83.77,西南,白色,L,C10539,46.41
DD101930,2024-04-09,4,上衣,针织衫,300.0,2,540.0,90,304.0,西南,灰色,XL,C10455,56.3
DD101767,2024-02-17,2,配饰,帽子,270.0,2,513.0,95,332.08,西南,酒红,S,C10548,64.73
DD101098,2024-11-25,11,配饰,围巾,260.0,1,260.0,100,161.93,西南,藏青,M,C10249,62.28
DD102285,2024-09-05,9,裤装,短裤,410.0,2,779.0,95,436.02,东北,米色,L,C10575,55.97
DD100479,2024-03-22,3,连衣裙,吊带裙,610.0,1,579.5,95,293.99,华南,藏青,L,C10403,50.73
DD101502,2024-08-02,8,上衣,卫衣,300.0,2,600.0,100,380.65,西南,黑色,S,C10431,63.44
DD101534,2024-10-25,10,外套,夹克,940.0,1,564.0,60,260.36,华南,酒红,M,C10273,46.16
DD100068,2024-11-10,11,配饰,围巾,80.0,1,76.0,95,51.13,华东,灰色,XXL,C10404,67.28
DD102407,2024-06-10,6,裤装,短裤,230.0,1,218.5,95,105.26,东北,墨绿,M,C10148,48.17
DD101545,2024-05-14,5,裤装,西装裤,250.0,1,175.0,70,84.21,华南,驼色,L,C10159,48.12
DD102132,2024-09-22,9,外套,夹克,690.0,1,621.0,90,263.8,华东,米色,XXL,C10126,42.48
DD100280,2024-12-20,12,上衣,T恤,260.0,1,260.0,100,159.45,华北,驼色,M,C10506,61.33
DD101722,2024-04-06,4,连衣裙,针织裙,230.0,2,437.0,95,251.95,华南,米色,L,C10063,57.65
DD102473,2024-06-09,6,连衣裙,A字裙,270.0,1,270.0,100,147.3,西南,墨绿,S,C10396,54.56
DD100966,2024-05-26,5,外套,羽绒服,1220.0,1,1098.0,90,483.06,华南,黑色,XXL,C10307,43.99
DD102564,2024-10-16,10,连衣裙,吊带裙,490.0,1,465.5,95,233.58,西南,白色,L,C10295,50.18
DD100125,2024-01-09,1,连衣裙,针织裙,400.0,2,720.0,90,384.58,西南,白色,M,C10493,53.41
DD102095,2024-04-10,4,连衣裙,针织裙,590.0,1,295.0,50,166.93,华中,藏青,M,C10230,56.59
DD101265,2024-03-08,3,连衣裙,A字裙,630.0,1,535.5,85,305.66,华东,酒红,L,C10353,57.08
DD100323,2024-04-11,4,配饰,围巾,270.0,1,270.0,100,164.62,东北,驼色,S,C10165,60.97
DD102428,2024-09-13,9,连衣裙,衬衫裙,610.0,1,579.5,95,296.82,华东,墨绿,M,C10187,51.22
DD100633,2024-01-17,1,连衣裙,针织裙,550.0,2,1100.0,100,614.92,华北,白色,S,C10432,55.9
DD102321,2024-04-26,4,连衣裙,A字裙,220.0,1,209.0,95,110.2,西南,米色,L,C10437,52.73
DD101576,2024-11-11,11,裤装,短裤,260.0,1,247.0,95,130.49,华东,藏青,L,C10360,52.83
DD100904,2024-04-25,4,上衣,卫衣,380.0,1,342.0,90,206.55,东北,墨绿,S,C10255,60.39
DD100258,2024-05-10,5,连衣裙,A字裙,690.0,1,655.5,95,378.59,华中,藏青,M,C10081,57.76
DD100409,2024-05-25,5,外套,大衣,570.0,3,1197.0,70,578.04,华中,驼色,M,C10184,48.29
DD102360,2024-04-06,4,连衣裙,吊带裙,510.0,1,510.0,100,293.17,华东,酒红,XXL,C10263,57.48
DD100441,2024-04-14,4,连衣裙,衬衫裙,500.0,1,450.0,90,269.35,华中,白色,M,C10166,59.86
DD100077,2024-11-15,11,裤装,休闲裤,310.0,1,310.0,100,159.72,华中,酒红,M,C10225,51.52
DD101732,2024-05-17,5,上衣,T恤,250.0,1,250.0,100,158.09,华北,酒红,XS,C10345,63.24
DD102389,2024-07-06,7,上衣,T恤,360.0,1,360.0,100,223.61,华东,酒红,M,C10541,62.11
DD101897,2024-04-18,4,连衣裙,衬衫裙,450.0,1,360.0,80,215.82,东北,米色,S,C10058,59.95
DD102225,2024-12-06,12,配饰,包包,90.0,2,180.0,100,121.63,华中,米色,XL,C10596,67.57
DD102112,2024-04-02,4,外套,大衣,950.0,1,902.5,95,431.64,华南,米色,XXL,C10123,47.83
DD100600,2024-10-26,10,上衣,卫衣,90.0,1,90.0,100,54.11,华北,墨绿,L,C10010,60.12
DD101457,2024-08-02,8,上衣,衬衫,130.0,1,130.0,100,83.89,华北,白色,S,C10355,64.53
DD101129,2024-04-10,4,裤装,休闲裤,540.0,1,459.0,85,253.5,华北,酒红,M,C10289,55.23
DD100597,2024-11-27,11,连衣裙,吊带裙,560.0,1,560.0,100,302.59,华中,黑色,XXL,C10278,54.03
DD102036,2024-07-28,7,连衣裙,衬衫裙,390.0,1,370.5,95,209.27,西南,灰色,M,C10540,56.48
DD101499,2024-05-10,5,上衣,T恤,320.0,1,272.0,85,177.53,华东,米色,L,C10461,65.27
DD100150,2024-08-23,8,连衣裙,针织裙,270.0,1,229.5,85,132.83,华北,黑色,L,C10421,57.88
DD100465,2024-05-12,5,连衣裙,针织裙,640.0,1,608.0,95,341.1,华北,酒红,M,C10065,56.1
DD102599,2024-11-10,11,连衣裙,衬衫裙,370.0,2,740.0,100,437.7,东北,驼色,XXL,C10430,59.15
DD102391,2024-01-05,1,连衣裙,吊带裙,280.0,1,280.0,100,152.85,东北,藏青,XL,C10410,54.59
DD102497,2024-03-05,3,裤装,休闲裤,270.0,1,243.0,90,131.06,华北,米色,L,C10538,53.93
DD101577,2024-12-16,12,外套,夹克,1210.0,1,1089.0,90,466.46,华中,灰色,L,C10089,42.83
DD100545,2024-08-23,8,裤装,西装裤,580.0,2,1044.0,90,521.64,西南,米色,S,C10292,49.97
DD100483,2024-08-11,8,连衣裙,针织裙,280.0,3,798.0,95,388.43,华东,藏青,S,C10111,48.68
DD100522,2024-10-14,10,连衣裙,A字裙,300.0,1,285.0,95,164.4,华东,墨绿,M,C10094,57.68
DD100644,2024-03-23,3,上衣,针织衫,370.0,1,333.0,90,208.73,东北,黑色,M,C10436,62.68
DD102294,2024-12-07,12,裤装,牛仔裤,480.0,2,816.0,85,465.01,华东,驼色,XXL,C10019,56.99
DD100875,2024-05-04,5,裤装,休闲裤,230.0,1,230.0,100,123.11,东北,灰色,S,C10296,53.53
DD100439,2024-11-04,11,外套,夹克,630.0,1,567.0,90,228.52,华东,驼色,L,C10220,40.3
DD102513,2024-11-18,11,上衣,衬衫,360.0,1,360.0,100,210.03,西南,米色,XL,C10037,58.34
DD101779,2024-04-10,4,连衣裙,衬衫裙,550.0,1,522.5,95,291.69,西南,墨绿,XXL,C10101,55.83
DD100167,2024-12-13,12,连衣裙,吊带裙,480.0,1,480.0,100,274.98,华中,米色,XS,C10253,57.29
DD100950,2024-01-25,1,裤装,西装裤,330.0,1,297.0,90,141.0,华北,驼色,M,C10266,47.47
DD100050,2024-07-13,7,上衣,针织衫,260.0,1,247.0,95,147.47,西南,墨绿,L,C10280,59.7
DD102512,2024-04-21,4,配饰,腰带,230.0,1,195.5,85,116.66,华东,藏青,L,C10060,59.67
DD100583,2024-02-06,2,裤装,牛仔裤,530.0,1,424.0,80,237.83,华北,白色,L,C10284,56.09
DD100049,2024-07-17,7,上衣,针织衫,340.0,1,289.0,85,164.17,华中,白色,L,C10449,56.81
DD101773,2024-10-17,10,配饰,腰带,250.0,1,225.0,90,154.1,东北,墨绿,M,C10138,68.49
DD100965,2024-10-29,10,上衣,衬衫,270.0,1,256.5,95,151.92,东北,白色,M,C10535,59.23
DD102214,2024-02-22,2,连衣裙,A字裙,450.0,1,427.5,95,231.53,华东,灰色,S,C10188,54.16
DD101721,2024-05-29,5,裤装,休闲裤,480.0,1,456.0,95,268.83,华北,米色,M,C10136,58.95
DD100026,2024-09-14,9,裤装,短裤,390.0,1,351.0,90,193.62,华南,酒红,S,C10126,55.16
DD101054,2024-04-18,4,裤装,牛仔裤,460.0,1,460.0,100,249.86,华南,驼色,XL,C10591,54.32
DD101742,2024-08-10,8,裤装,西装裤,460.0,1,414.0,90,201.26,华南,黑色,M,C10474,48.61
DD101713,2024-10-20,10,上衣,针织衫,90.0,1,76.5,85,42.26,华东,墨绿,XL,C10021,55.24
DD102331,2024-08-22,8,配饰,腰带,130.0,1,123.5,95,75.97,华北,藏青,S,C10117,61.51
DD100362,2024-03-19,3,连衣裙,针织裙,550.0,1,550.0,100,318.87,华中,墨绿,XL,C10282,57.98
DD102375,2024-05-12,5,裤装,牛仔裤,370.0,2,740.0,100,366.39,华南,灰色,L,C10302,49.51
DD101337,2024-02-18,2,上衣,卫衣,280.0,1,280.0,100,156.87,华东,米色,M,C10239,56.03
DD101991,2024-08-22,8,配饰,腰带,90.0,3,243.0,90,161.84,华北,白色,M,C10256,66.6
DD102553,2024-09-26,9,外套,羽绒服,1100.0,1,1045.0,95,451.97,西南,酒红,XXL,C10196,43.25
DD102014,2024-07-05,7,上衣,针织衫,350.0,1,350.0,100,183.16,华中,驼色,S,C10162,52.33
DD102280,2024-10-28,10,外套,风衣,860.0,1,860.0,100,357.99,西南,黑色,M,C10540,41.63
DD101012,2024-07-26,7,裤装,西装裤,340.0,1,340.0,100,186.19,华东,藏青,XL,C10144,54.76
DD101180,2024-07-04,7,连衣裙,衬衫裙,650.0,1,650.0,100,352.35,华北,灰色,M,C10215,54.21
DD100241,2024-06-25,6,配饰,包包,160.0,1,160.0,100,119.04,华北,白色,M,C10273,74.4
DD101638,2024-10-16,10,连衣裙,衬衫裙,660.0,2,1320.0,100,808.98,华中,黑色,L,C10119,61.29
DD101621,2024-10-18,10,连衣裙,衬衫裙,300.0,1,300.0,100,159.85,华东,黑色,S,C10230,53.28
DD101552,2024-08-23,8,连衣裙,针织裙,380.0,1,380.0,100,183.22,华南,米色,S,C10044,48.22
DD101260,2024-06-22,6,上衣,T恤,170.0,1,153.0,90,88.68,华东,酒红,L,C10211,57.96
DD100351,2024-01-03,1,连衣裙,A字裙,480.0,1,480.0,100,238.65,西南,米色,XL,C10325,49.72
DD102385,2024-02-26,2,裤装,西装裤,220.0,1,187.0,85,103.87,华中,藏青,S,C10019,55.55
DD101411,2024-06-03,6,裤装,短裤,490.0,1,416.5,85,207.73,华南,藏青,M,C10382,49.88
DD101733,2024-01-23,1,上衣,T恤,380.0,1,323.0,85,182.84,华北,米色,M,C10234,56.61
DD100696,2024-09-17,9,连衣裙,针织裙,480.0,1,480.0,100,244.09,东北,白色,S,C10546,50.85
DD102600,2024-09-09,9,上衣,T恤,350.0,1,315.0,90,183.87,西南,米色,XL,C10515,58.37
DD100868,2024-01-11,1,上衣,卫衣,380.0,1,361.0,95,208.88,华北,黑色,L,C10015,57.86
DD100773,2024-12-17,12,裤装,西装裤,460.0,1,460.0,100,229.93,华南,墨绿,M,C10401,49.98
DD100857,2024-08-13,8,连衣裙,衬衫裙,630.0,1,535.5,85,325.9,华南,墨绿,S,C10374,60.86
DD102139,2024-09-17,9,上衣,卫衣,260.0,1,260.0,100,150.71,华南,酒红,M,C10081,57.97
DD102442,2024-08-26,8,上衣,T恤,210.0,2,420.0,100,245.31,华北,墨绿,L,C10298,58.41
DD100694,2024-05-06,5,上衣,卫衣,300.0,1,300.0,100,180.5,华中,酒红,L,C10079,60.17
DD101117,2024-08-22,8,外套,羽绒服,1080.0,2,2160.0,100,1052.38,华北,白色,S,C10595,48.72
DD101841,2024-04-22,4,上衣,衬衫,350.0,1,350.0,100,197.77,西南,黑色,XS,C10309,56.51
DD102056,2024-11-26,11,连衣裙,衬衫裙,600.0,1,510.0,85,285.5,西南,墨绿,S,C10041,55.98
DD100841,2024-08-18,8,连衣裙,吊带裙,610.0,1,610.0,100,362.66,华中,墨绿,S,C10311,59.45
DD102336,2024-05-06,5,连衣裙,吊带裙,540.0,1,513.0,95,266.24,华东,灰色,L,C10111,51.9
DD102118,2024-04-05,4,配饰,包包,70.0,2,133.0,95,88.1,华南,白色,M,C10484,66.24
DD100614,2024-02-20,2,裤装,短裤,520.0,1,494.0,95,259.51,西南,酒红,M,C10305,52.53
DD102437,2024-07-10,7,上衣,T恤,370.0,2,740.0,100,410.23,华北,驼色,L,C10208,55.44
DD102565,2024-04-26,4,连衣裙,吊带裙,320.0,2,640.0,100,375.51,华北,墨绿,M,C10277,58.67
DD100124,2024-09-27,9,外套,风衣,990.0,1,990.0,100,428.2,华中,黑色,S,C10219,43.25
DD101948,2024-04-22,4,上衣,T恤,330.0,1,330.0,100,190.29,西南,灰色,XXL,C10293,57.66
DD101685,2024-02-20,2,裤装,牛仔裤,190.0,1,190.0,100,102.05,华北,墨绿,XL,C10410,53.71
DD100407,2024-10-11,10,上衣,T恤,340.0,2,680.0,100,424.58,东北,酒红,M,C10589,62.44
DD102096,2024-05-04,5,裤装,休闲裤,480.0,1,480.0,100,277.0,华北,黑色,M,C10475,57.71
DD101816,2024-05-14,5,上衣,衬衫,310.0,1,263.5,85,152.92,华北,米色,L,C10344,58.03
DD102574,2024-07-19,7,外套,大衣,730.0,2,1387.0,95,659.6,华南,黑色,M,C10528,47.56
DD100498,2024-11-15,11,连衣裙,吊带裙,450.0,1,450.0,100,254.75,华南,灰色,XS,C10424,56.61
DD102367,2024-05-20,5,裤装,休闲裤,560.0,1,560.0,100,299.36,华中,墨绿,L,C10081,53.46
DD100343,2024-09-28,9,连衣裙,A字裙,610.0,1,488.0,80,240.2,西南,酒红,XL,C10385,49.22
DD101881,2024-01-21,1,外套,大衣,1250.0,1,1125.0,90,525.65,西南,米色,M,C10419,46.72
DD100300,2024-03-06,3,连衣裙,A字裙,590.0,1,354.0,60,209.48,华北,藏青,L,C10189,59.18
DD100701,2024-08-12,8,裤装,牛仔裤,170.0,1,161.5,95,92.04,华北,驼色,XL,C10498,56.99
DD101560,2024-05-04,5,上衣,T恤,90.0,1,81.0,90,53.27,华中,黑色,M,C10314,65.77
DD102523,2024-08-12,8,连衣裙,吊带裙,570.0,1,541.5,95,284.24,华南,黑色,L,C10209,52.49
DD100802,2024-08-04,8,连衣裙,A字裙,200.0,1,200.0,100,123.84,西南,墨绿,L,C10510,61.92
DD101273,2024-06-08,6,裤装,西装裤,350.0,1,350.0,100,203.29,华南,墨绿,L,C10172,58.08
DD100221,2024-04-19,4,上衣,针织衫,310.0,1,310.0,100,201.8,华中,白色,L,C10293,65.1
DD101381,2024-09-02,9,连衣裙,针织裙,320.0,1,320.0,100,163.2,华南,米色,L,C10128,51.0
DD102023,2024-05-12,5,连衣裙,A字裙,560.0,1,532.0,95,273.67,华北,灰色,XXL,C10515,51.44
DD101245,2024-03-02,3,连衣裙,A字裙,470.0,1,470.0,100,229.59,东北,白色,XL,C10276,48.85
DD100085,2024-07-13,7,配饰,包包,290.0,1,275.5,95,173.46,东北,墨绿,M,C10088,62.96
DD101124,2024-03-21,3,配饰,腰带,200.0,1,200.0,100,141.98,华中,白色,L,C10553,70.99
DD100267,2024-04-02,4,外套,夹克,1160.0,1,1044.0,90,470.13,华北,藏青,XL,C10419,45.03
DD100611,2024-04-09,4,上衣,T恤,210.0,1,199.5,95,127.64,东北,灰色,XL,C10202,63.98
DD100291,2024-02-21,2,裤装,牛仔裤,460.0,1,437.0,95,218.46,华北,灰色,M,C10539,49.99
DD101175,2024-02-09,2,裤装,短裤,490.0,1,490.0,100,231.36,东北,米色,M,C10142,47.22
DD101092,2024-11-24,11,裤装,牛仔裤,350.0,1,332.5,95,160.38,西南,白色,S,C10341,48.23
DD100417,2024-06-27,6,裤装,短裤,270.0,1,229.5,85,125.71,华北,黑色,M,C10587,54.78
DD100473,2024-06-11,6,外套,大衣,610.0,1,610.0,100,239.59,华南,酒红,M,C10345,39.28
DD100858,2024-06-26,6,上衣,卫衣,350.0,1,350.0,100,217.49,华中,藏青,M,C10589,62.14
DD102145,2024-12-14,12,连衣裙,A字裙,420.0,2,840.0,100,449.5,华北,米色,L,C10495,53.51
DD102518,2024-07-25,7,配饰,围巾,260.0,1,260.0,100,170.64,华中,藏青,S,C10425,65.63
DD101171,2024-04-08,4,上衣,卫衣,240.0,1,192.0,80,125.68,华中,黑色,L,C10362,65.46
DD100913,2024-04-22,4,裤装,休闲裤,470.0,1,423.0,90,224.76,华北,黑色,S,C10121,53.13
DD102592,2024-05-14,5,上衣,T恤,330.0,1,330.0,100,201.6,华南,藏青,M,C10086,61.09
DD101056,2024-04-25,4,连衣裙,吊带裙,610.0,1,549.0,90,318.63,华中,驼色,L,C10527,58.04
DD100279,2024-11-17,11,裤装,休闲裤,190.0,2,380.0,100,190.2,西南,藏青,L,C10081,50.05
DD101469,2024-05-20,5,上衣,衬衫,270.0,1,256.5,95,161.66,西南,墨绿,M,C10012,63.03
DD100803,2024-05-08,5,上衣,针织衫,270.0,1,270.0,100,174.53,华中,米色,L,C10011,64.64
DD101432,2024-10-18,10,裤装,西装裤,230.0,1,207.0,90,107.02,华北,白色,M,C10115,51.7
DD101103,2024-05-14,5,上衣,衬衫,210.0,1,199.5,95,121.84,华中,藏青,L,C10232,61.07
DD100019,2024-04-15,4,上衣,衬衫,390.0,1,312.0,80,176.0,东北,黑色,L,C10480,56.41
DD102006,2024-05-23,5,外套,羽绒服,580.0,1,551.0,95,276.05,西南,藏青,M,C10548,50.1
DD101978,2024-04-08,4,连衣裙,针织裙,680.0,1,680.0,100,403.34,东北,墨绿,XS,C10035,59.31
DD102586,2024-05-05,5,连衣裙,A字裙,670.0,1,670.0,100,406.1,西南,酒红,XL,C10350,60.61
DD101310,2024-01-21,1,连衣裙,A字裙,630.0,3,1701.0,90,943.16,华南,黑色,XL,C10401,55.45
DD101164,2024-04-18,4,连衣裙,吊带裙,310.0,1,310.0,100,158.96,华南,驼色,M,C10467,51.28
DD101002,2024-08-18,8,上衣,针织衫,110.0,2,187.0,85,112.19,华中,白色,XXL,C10593,59.99
DD102582,2024-03-09,3,连衣裙,衬衫裙,530.0,1,530.0,100,295.0,华南,灰色,XXL,C10272,55.66
DD100867,2024-07-14,7,连衣裙,衬衫裙,360.0,1,252.0,70,147.56,华中,黑色,XS,C10497,58.56
DD100621,2024-07-11,7,连衣裙,吊带裙,670.0,1,670.0,100,400.71,华北,藏青,L,C10111,59.81
DD101625,2024-02-16,2,连衣裙,衬衫裙,410.0,1,287.0,70,140.41,华北,灰色,S,C10284,48.92
DD101985,2024-08-09,8,连衣裙,针织裙,230.0,1,207.0,90,124.8,东北,黑色,L,C10072,60.29
DD101668,2024-08-06,8,上衣,针织衫,150.0,1,127.5,85,73.14,西南,米色,M,C10099,57.36
DD102590,2024-10-22,10,上衣,衬衫,150.0,1,142.5,95,83.99,东北,藏青,XL,C10199,58.94
DD100220,2024-08-15,8,上衣,卫衣,310.0,2,527.0,85,307.01,华中,米色,XL,C10465,58.26
DD100602,2024-01-22,1,连衣裙,吊带裙,680.0,1,680.0,100,421.9,华南,白色,XL,C10294,62.04
DD102213,2024-06-08,6,上衣,T恤,250.0,1,225.0,90,128.81,华南,米色,M,C10206,57.25
DD101823,2024-10-17,10,连衣裙,衬衫裙,440.0,1,396.0,90,225.15,华北,藏青,XXL,C10283,56.86
DD100304,2024-11-13,11,裤装,休闲裤,520.0,1,468.0,90,237.39,东北,藏青,XXL,C10071,50.72
DD101886,2024-01-26,1,配饰,围巾,180.0,1,153.0,85,105.54,华中,酒红,L,C10599,68.98
DD100720,2024-07-22,7,外套,羽绒服,1220.0,2,2318.0,95,966.87,西南,墨绿,M,C10276,41.71
DD101352,2024-08-18,8,外套,大衣,650.0,1,455.0,70,189.34,东北,驼色,M,C10084,41.61
DD102444,2024-05-21,5,连衣裙,A字裙,230.0,1,230.0,100,123.22,华中,酒红,S,C10316,53.57
DD100345,2024-04-25,4,连衣裙,针织裙,430.0,2,860.0,100,451.06,华中,灰色,S,C10533,52.45
DD101212,2024-06-15,6,裤装,休闲裤,320.0,1,304.0,95,168.45,华东,米色,XXL,C10203,55.41
DD100908,2024-10-27,10,外套,夹克,480.0,1,480.0,100,190.32,华北,白色,M,C10563,39.65
DD101011,2024-01-16,1,配饰,围巾,260.0,2,520.0,100,373.06,华南,藏青,XXL,C10598,71.74
DD100782,2024-05-14,5,连衣裙,针织裙,550.0,1,522.5,95,259.36,东北,酒红,S,C10346,49.64
DD101858,2024-02-14,2,裤装,牛仔裤,500.0,1,450.0,90,257.42,华南,灰色,L,C10159,57.2
DD102466,2024-07-26,7,裤装,短裤,530.0,2,1060.0,100,580.22,华北,酒红,S,C10069,54.74
DD101005,2024-08-04,8,外套,大衣,770.0,1,654.5,85,246.51,华东,灰色,L,C10474,37.66
DD102307,2024-05-27,5,连衣裙,衬衫裙,450.0,1,405.0,90,206.09,华中,驼色,S,C10246,50.89
DD100708,2024-03-24,3,上衣,针织衫,200.0,1,190.0,95,106.2,华东,藏青,XL,C10582,55.89
DD101190,2024-07-24,7,连衣裙,吊带裙,410.0,3,1107.0,90,575.23,华东,黑色,XL,C10589,51.96
DD100193,2024-08-05,8,裤装,短裤,510.0,3,1530.0,100,842.28,华东,黑色,M,C10261,55.05
DD100175,2024-11-16,11,上衣,T恤,300.0,1,300.0,100,170.7,东北,藏青,M,C10242,56.9
DD102354,2024-06-27,6,外套,羽绒服,1120.0,2,2128.0,95,852.61,华北,白色,XL,C10079,40.07
DD100663,2024-10-14,10,裤装,牛仔裤,240.0,1,240.0,100,130.45,西南,灰色,XL,C10174,54.35
DD101579,2024-05-22,5,外套,夹克,1260.0,1,1134.0,90,480.52,华中,酒红,L,C10479,42.37
DD102058,2024-10-24,10,裤装,西装裤,540.0,1,513.0,95,292.04,华东,藏青,L,C10319,56.93
DD100799,2024-01-10,1,配饰,围巾,70.0,1,63.0,90,39.45,华北,墨绿,XL,C10059,62.62
DD100129,2024-09-11,9,外套,大衣,1120.0,1,896.0,80,440.92,西南,米色,M,C10323,49.21
DD100341,2024-01-13,1,上衣,衬衫,100.0,1,95.0,95,61.72,华北,黑色,L,C10414,64.97
DD102156,2024-09-21,9,上衣,T恤,120.0,1,108.0,90,60.84,华南,米色,XL,C10360,56.33
DD101289,2024-03-20,3,裤装,西装裤,270.0,1,270.0,100,156.65,华中,黑色,L,C10173,58.02
DD101088,2024-07-20,7,配饰,包包,180.0,1,162.0,90,101.89,西南,黑色,S,C10126,62.9
DD100308,2024-11-15,11,上衣,卫衣,180.0,1,180.0,100,96.82,华东,藏青,XL,C10271,53.79
DD100638,2024-04-23,4,裤装,西装裤,530.0,1,503.5,95,269.32,西南,墨绿,M,C10520,53.49
DD100384,2024-07-24,7,上衣,卫衣,340.0,1,323.0,95,180.58,西南,黑色,XS,C10068,55.91
DD101380,2024-11-19,11,外套,夹克,800.0,1,800.0,100,407.83,华北,藏青,XL,C10288,50.98
DD102412,2024-08-03,8,连衣裙,A字裙,290.0,1,275.5,95,151.19,华南,黑色,XXL,C10227,54.88
DD101057,2024-06-06,6,配饰,包包,60.0,1,60.0,100,42.36,华北,灰色,XL,C10335,70.6
DD100178,2024-06-12,6,上衣,针织衫,120.0,1,108.0,90,67.47,华东,驼色,S,C10237,62.47
DD100427,2024-05-28,5,裤装,牛仔裤,220.0,1,187.0,85,101.6,华南,藏青,L,C10437,54.33
DD100901,2024-06-17,6,上衣,T恤,160.0,1,128.0,80,67.84,华中,米色,XXL,C10585,53.0
DD102418,2024-08-13,8,连衣裙,衬衫裙,240.0,1,240.0,100,142.74,华东,酒红,M,C10446,59.48
DD101875,2024-04-28,4,上衣,针织衫,290.0,2,551.0,95,345.2,华北,驼色,XXL,C10568,62.65
DD101001,2024-09-15,9,外套,大衣,830.0,1,788.5,95,335.91,华东,墨绿,XS,C10415,42.6
DD100185,2024-03-20,3,连衣裙,衬衫裙,620.0,1,589.0,95,308.86,东北,驼色,M,C10226,52.44
DD101412,2024-07-16,7,上衣,针织衫,240.0,1,240.0,100,135.14,华北,灰色,S,C10151,56.31
DD102108,2024-09-18,9,裤装,短裤,220.0,1,220.0,100,116.77,华南,黑色,S,C10391,53.08
DD101778,2024-05-12,5,上衣,卫衣,340.0,1,272.0,80,172.39,华中,墨绿,M,C10524,63.38
DD102345,2024-01-15,1,上衣,针织衫,120.0,1,120.0,100,70.07,华东,灰色,L,C10303,58.39
DD102011,2024-05-08,5,上衣,T恤,370.0,1,351.5,95,181.68,华南,米色,M,C10534,51.69
DD101641,2024-06-18,6,上衣,T恤,330.0,1,313.5,95,163.86,西南,驼色,L,C10026,52.27
DD101371,2024-12-27,12,连衣裙,针织裙,240.0,2,480.0,100,254.52,华中,藏青,S,C10455,53.02
DD100490,2024-04-06,4,连衣裙,A字裙,530.0,3,1272.0,80,687.86,东北,酒红,XXL,C10233,54.08
DD101308,2024-07-18,7,裤装,西装裤,550.0,1,550.0,100,273.86,华东,白色,L,C10568,49.79
DD100927,2024-07-20,7,连衣裙,针织裙,640.0,2,1280.0,100,668.13,西南,白色,M,C10242,52.2
DD102350,2024-10-22,10,外套,夹克,830.0,1,830.0,100,328.98,西南,灰色,XS,C10098,39.64
DD101318,2024-01-14,1,上衣,T恤,110.0,1,110.0,100,63.5,华北,藏青,M,C10129,57.73
DD102203,2024-03-24,3,外套,羽绒服,890.0,1,890.0,100,449.92,华南,米色,M,C10154,50.55
DD101656,2024-10-16,10,连衣裙,吊带裙,330.0,1,313.5,95,158.92,华中,酒红,M,C10259,50.69
DD102044,2024-04-12,4,上衣,针织衫,320.0,1,320.0,100,171.23,华南,米色,XS,C10436,53.51
DD100119,2024-07-12,7,上衣,卫衣,170.0,1,170.0,100,98.7,西南,酒红,XL,C10555,58.06
DD101877,2024-05-07,5,连衣裙,衬衫裙,440.0,1,440.0,100,220.68,华中,酒红,S,C10020,50.15
DD100282,2024-06-26,6,连衣裙,针织裙,460.0,1,414.0,90,219.82,华北,墨绿,L,C10570,53.1
DD102332,2024-05-13,5,裤装,牛仔裤,480.0,1,456.0,95,267.66,华中,白色,L,C10229,58.7
DD100743,2024-05-11,5,连衣裙,吊带裙,630.0,1,567.0,90,307.43,华中,白色,L,C10308,54.22
DD101992,2024-03-05,3,上衣,卫衣,270.0,1,256.5,95,138.19,西南,米色,XXL,C10227,53.88
DD102430,2024-10-13,10,上衣,针织衫,270.0,1,270.0,100,163.75,华中,黑色,M,C10403,60.65
DD101512,2024-09-15,9,上衣,衬衫,260.0,2,520.0,100,326.26,华北,米色,S,C10060,62.74
DD102248,2024-10-26,10,裤装,短裤,170.0,1,153.0,90,80.42,华东,酒红,L,C10136,52.56
DD101211,2024-10-16,10,连衣裙,衬衫裙,430.0,1,408.5,95,207.31,华北,米色,L,C10087,50.75
DD100367,2024-10-28,10,连衣裙,A字裙,610.0,1,610.0,100,310.73,西南,驼色,L,C10024,50.94
DD101466,2024-11-14,11,裤装,西装裤,340.0,1,323.0,95,167.82,东北,米色,S,C10570,51.96
DD100556,2024-05-20,5,裤装,短裤,410.0,1,410.0,100,215.97,东北,墨绿,XL,C10148,52.68
DD101351,2024-05-18,5,上衣,卫衣,160.0,1,160.0,100,104.55,华南,酒红,M,C10164,65.34
DD101433,2024-08-17,8,连衣裙,吊带裙,280.0,1,280.0,100,157.82,华北,白色,XL,C10026,56.36
DD102427,2024-02-16,2,外套,风衣,1140.0,1,1026.0,90,515.14,华中,黑色,L,C10399,50.21
DD101390,2024-09-18,9,裤装,牛仔裤,360.0,1,342.0,95,156.0,西南,灰色,M,C10371,45.61
DD100204,2024-01-20,1,配饰,包包,130.0,1,130.0,100,89.6,华中,墨绿,M,C10439,68.92
DD102548,2024-05-28,5,外套,风衣,1050.0,1,1050.0,100,472.53,东北,灰色,XL,C10105,45.0
DD101830,2024-09-17,9,配饰,帽子,90.0,1,72.0,80,45.33,华北,黑色,XL,C10104,62.96
DD100121,2024-05-19,5,连衣裙,衬衫裙,220.0,1,132.0,60,66.58,华南,黑色,L,C10184,50.44
DD100284,2024-05-12,5,连衣裙,吊带裙,390.0,1,390.0,100,205.21,东北,藏青,L,C10394,52.62
DD100576,2024-04-23,4,上衣,卫衣,120.0,1,120.0,100,77.89,华北,酒红,M,C10592,64.91
DD101808,2024-04-16,4,裤装,短裤,340.0,1,289.0,85,149.58,华南,藏青,M,C10297,51.76
DD101799,2024-10-05,10,连衣裙,吊带裙,490.0,1,465.5,95,269.95,华东,白色,XL,C10453,57.99
DD102154,2024-05-18,5,裤装,休闲裤,550.0,2,1100.0,100,575.01,华北,藏青,L,C10030,52.27
DD100276,2024-08-21,8,上衣,T恤,190.0,1,171.0,90,107.97,华东,米色,M,C10102,63.14
DD101746,2024-04-05,4,上衣,针织衫,210.0,1,168.0,80,87.05,华东,驼色,XL,C10402,51.82
DD102059,2024-06-26,6,上衣,T恤,200.0,1,200.0,100,127.63,西南,白色,M,C10320,63.82
DD100361,2024-05-08,5,连衣裙,衬衫裙,270.0,1,270.0,100,156.63,华南,灰色,XL,C10512,58.01
DD101015,2024-08-09,8,连衣裙,针织裙,320.0,1,304.0,95,150.94,华南,藏青,M,C10588,49.65
DD100880,2024-04-07,4,外套,风衣,1110.0,1,777.0,70,318.44,华东,墨绿,M,C10223,40.98
DD102596,2024-07-23,7,上衣,卫衣,340.0,1,306.0,90,190.77,东北,墨绿,L,C10005,62.34
DD100630,2024-01-04,1,连衣裙,A字裙,650.0,1,617.5,95,310.83,华北,驼色,L,C10451,50.34
DD101475,2024-05-23,5,连衣裙,吊带裙,690.0,1,655.5,95,399.97,西南,米色,L,C10557,61.02
DD101676,2024-09-07,9,裤装,西装裤,430.0,1,430.0,100,244.6,华东,米色,M,C10116,56.88
DD101661,2024-04-13,4,上衣,衬衫,150.0,1,150.0,100,84.26,西南,驼色,L,C10226,56.17
DD100287,2024-05-08,5,裤装,短裤,360.0,1,360.0,100,165.52,西南,墨绿,XL,C10216,45.98
DD100979,2024-09-28,9,连衣裙,衬衫裙,420.0,1,420.0,100,220.02,华东,酒红,XXL,C10051,52.39
DD102106,2024-02-15,2,上衣,针织衫,310.0,2,589.0,95,367.2,华南,灰色,L,C10381,62.34
DD101293,2024-11-12,11,外套,风衣,540.0,1,540.0,100,212.93,华北,黑色,M,C10216,39.43
DD101024,2024-03-21,3,上衣,衬衫,310.0,1,263.5,85,141.83,华北,白色,XL,C10122,53.83
DD100424,2024-07-17,7,裤装,牛仔裤,250.0,1,250.0,100,135.33,华南,墨绿,L,C10525,54.13
DD101962,2024-05-06,5,连衣裙,吊带裙,560.0,1,448.0,80,233.87,东北,墨绿,L,C10438,52.2
DD102464,2024-08-27,8,裤装,牛仔裤,200.0,1,200.0,100,108.79,西南,墨绿,XL,C10406,54.4
DD102470,2024-05-08,5,外套,夹克,620.0,1,620.0,100,298.9,华东,黑色,XXL,C10170,48.21
DD102492,2024-07-11,7,连衣裙,针织裙,410.0,1,410.0,100,221.77,华中,米色,XL,C10376,54.09
DD100066,2024-06-04,6,外套,羽绒服,1020.0,1,918.0,90,414.84,华中,藏青,S,C10549,45.19
DD101785,2024-07-26,7,外套,夹克,1140.0,1,1140.0,100,449.93,华中,酒红,L,C10535,39.47
DD101612,2024-03-14,3,裤装,西装裤,430.0,4,1204.0,70,535.73,东北,驼色,L,C10220,44.5
DD101938,2024-09-14,9,连衣裙,A字裙,670.0,1,670.0,100,327.44,东北,米色,S,C10092,48.87
DD102326,2024-07-11,7,连衣裙,针织裙,620.0,3,1860.0,100,1031.97,华中,米色,XS,C10437,55.48
DD100231,2024-08-09,8,上衣,T恤,300.0,1,255.0,85,148.53,华中,灰色,S,C10194,58.25
DD101710,2024-09-10,9,外套,大衣,1280.0,2,2432.0,95,1055.59,华北,黑色,XL,C10082,43.4
DD100822,2024-02-27,2,连衣裙,针织裙,600.0,1,570.0,95,296.91,华中,白色,M,C10537,52.09
DD101568,2024-10-14,10,上衣,卫衣,290.0,2,551.0,95,368.15,华南,灰色,S,C10372,66.81
DD101507,2024-04-12,4,裤装,休闲裤,240.0,1,240.0,100,123.95,华南,墨绿,S,C10288,51.65
DD101430,2024-02-19,2,裤装,短裤,570.0,2,1140.0,100,645.37,华南,白色,L,C10405,56.61
DD101934,2024-02-15,2,上衣,卫衣,340.0,1,323.0,95,206.64,华东,米色,M,C10401,63.98
DD100846,2024-10-17,10,配饰,包包,80.0,1,80.0,100,55.75,西南,白色,S,C10013,69.69
DD101162,2024-01-23,1,上衣,针织衫,110.0,3,297.0,90,179.3,东北,酒红,L,C10524,60.37
DD100375,2024-08-25,8,连衣裙,吊带裙,620.0,1,558.0,90,269.56,华东,黑色,M,C10439,48.31
DD102487,2024-02-16,2,外套,风衣,900.0,1,810.0,90,344.57,西南,白色,L,C10029,42.54
DD101653,2024-04-17,4,裤装,牛仔裤,400.0,1,400.0,100,211.61,华北,灰色,M,C10294,52.9
DD101645,2024-09-07,9,连衣裙,针织裙,210.0,1,168.0,80,91.69,东北,白色,M,C10493,54.58
DD100298,2024-08-11,8,配饰,围巾,120.0,1,108.0,90,74.61,华北,藏青,S,C10563,69.08
DD100599,2024-01-03,1,上衣,针织衫,140.0,1,140.0,100,83.31,华中,白色,XL,C10323,59.51
DD101643,2024-06-15,6,连衣裙,吊带裙,470.0,1,470.0,100,238.25,华东,藏青,L,C10578,50.69
DD100100,2024-04-24,4,上衣,卫衣,330.0,1,297.0,90,169.51,西南,藏青,S,C10036,57.07
DD100945,2024-05-03,5,上衣,卫衣,380.0,1,266.0,70,154.26,东北,墨绿,L,C10238,57.99
DD100737,2024-09-03,9,裤装,西装裤,450.0,1,360.0,80,170.77,华中,藏青,XL,C10291,47.44
DD100980,2024-02-28,2,上衣,针织衫,200.0,1,190.0,95,119.36,华中,藏青,L,C10423,62.82
DD101925,2024-03-24,3,上衣,卫衣,90.0,1,90.0,100,53.3,东北,米色,L,C10554,59.22
DD100530,2024-04-12,4,裤装,休闲裤,530.0,1,318.0,60,151.19,东北,灰色,S,C10220,47.54
DD101341,2024-04-05,4,上衣,衬衫,230.0,1,218.5,95,137.53,东北,墨绿,M,C10339,62.94
DD101100,2024-05-06,5,配饰,帽子,250.0,1,237.5,95,156.91,华北,藏青,M,C10566,66.07
DD101376,2024-03-24,3,裤装,短裤,580.0,1,522.0,90,284.32,华东,米色,L,C10229,54.47
DD100637,2024-09-05,9,上衣,T恤,310.0,1,217.0,70,113.99,华南,黑色,M,C10456,52.53
DD102289,2024-06-26,6,配饰,围巾,120.0,3,360.0,100,254.22,东北,墨绿,L,C10164,70.62
DD100186,2024-08-14,8,裤装,牛仔裤,500.0,1,450.0,90,242.53,华北,米色,L,C10353,53.9
DD101909,2024-08-14,8,上衣,衬衫,190.0,1,152.0,80,97.66,东北,驼色,M,C10286,64.25
DD102202,2024-07-04,7,外套,风衣,330.0,1,297.0,90,144.91,华东,黑色,M,C10209,48.79
DD101214,2024-09-24,9,配饰,围巾,180.0,2,306.0,85,189.75,西南,酒红,XS,C10048,62.01
DD101519,2024-08-10,8,裤装,西装裤,200.0,1,160.0,80,77.23,华中,米色,S,C10209,48.27
DD101048,2024-04-19,4,连衣裙,吊带裙,520.0,1,494.0,95,296.26,华南,酒红,L,C10038,59.97
DD101929,2024-05-07,5,连衣裙,衬衫裙,650.0,1,650.0,100,331.39,华中,白色,S,C10501,50.98
DD101114,2024-03-05,3,上衣,卫衣,110.0,1,110.0,100,58.17,华北,黑色,M,C10494,52.88
DD100512,2024-02-23,2,上衣,卫衣,120.0,1,102.0,85,54.36,华东,白色,L,C10157,53.29
DD101377,2024-04-13,4,裤装,休闲裤,240.0,1,240.0,100,113.49,华中,灰色,S,C10560,47.29
DD101230,2024-06-18,6,连衣裙,吊带裙,530.0,1,477.0,90,289.97,华东,墨绿,M,C10209,60.79
DD101511,2024-06-04,6,连衣裙,衬衫裙,380.0,2,684.0,90,330.11,华南,酒红,S,C10575,48.26
DD102173,2024-03-01,3,配饰,帽子,160.0,1,152.0,95,110.25,华北,灰色,XL,C10019,72.53
DD100608,2024-11-13,11,连衣裙,针织裙,390.0,1,390.0,100,209.96,华南,藏青,M,C10272,53.84
DD101670,2024-12-12,12,连衣裙,针织裙,430.0,1,387.0,90,232.28,华中,墨绿,M,C10310,60.02
DD100941,2024-01-22,1,裤装,西装裤,440.0,2,836.0,95,435.26,华北,米色,XXL,C10005,52.06
DD100152,2024-06-10,6,上衣,针织衫,230.0,1,184.0,80,107.63,华中,墨绿,XXL,C10086,58.49
DD101691,2024-10-27,10,外套,风衣,1170.0,1,1170.0,100,590.89,华南,黑色,M,C10078,50.5
DD101462,2024-08-07,8,外套,夹克,640.0,4,2560.0,100,1096.8,华东,白色,M,C10301,42.84
DD101201,2024-07-20,7,连衣裙,吊带裙,630.0,1,630.0,100,309.7,东北,米色,XL,C10082,49.16
DD102040,2024-05-22,5,上衣,卫衣,150.0,1,150.0,100,88.23,华东,墨绿,L,C10235,58.82
DD101006,2024-06-27,6,裤装,西装裤,510.0,1,484.5,95,252.28,华南,米色,S,C10294,52.07
DD102370,2024-10-25,10,外套,风衣,1250.0,1,1250.0,100,522.41,华南,酒红,L,C10467,41.79
DD100024,2024-05-03,5,连衣裙,衬衫裙,420.0,1,420.0,100,243.76,东北,白色,XL,C10304,58.04
DD100159,2024-09-28,9,连衣裙,A字裙,310.0,1,263.5,85,136.62,华中,黑色,L,C10018,51.85
DD102315,2024-12-14,12,裤装,牛仔裤,260.0,1,260.0,100,143.13,华中,墨绿,M,C10265,55.05
DD100332,2024-06-02,6,裤装,休闲裤,500.0,1,250.0,50,144.64,东北,黑色,M,C10250,57.86
DD102406,2024-07-14,7,连衣裙,吊带裙,350.0,1,350.0,100,178.41,华南,米色,L,C10001,50.97
DD102485,2024-02-24,2,连衣裙,衬衫裙,500.0,1,500.0,100,264.54,华北,酒红,L,C10531,52.91
DD101863,2024-09-08,9,裤装,牛仔裤,500.0,1,475.0,95,227.0,华北,藏青,L,C10227,47.79
DD100445,2024-03-22,3,连衣裙,衬衫裙,610.0,1,610.0,100,329.07,华北,灰色,L,C10205,53.95
DD102549,2024-05-27,5,上衣,针织衫,190.0,1,190.0,100,105.14,东北,驼色,XL,C10291,55.34
DD101559,2024-03-06,3,连衣裙,吊带裙,480.0,1,456.0,95,243.57,华北,酒红,M,C10435,53.41
DD100874,2024-07-18,7,外套,羽绒服,1250.0,1,1250.0,100,607.6,华东,驼色,L,C10145,48.61
DD100643,2024-03-23,3,裤装,短裤,480.0,2,960.0,100,446.39,华北,白色,XXL,C10324,46.5
DD101350,2024-04-05,4,外套,大衣,1280.0,2,2304.0,90,1080.39,华中,酒红,M,C10427,46.89
DD100312,2024-09-26,9,上衣,针织衫,350.0,2,560.0,80,343.22,华中,墨绿,M,C10232,61.29
DD100352,2024-05-13,5,外套,夹克,690.0,1,690.0,100,335.45,华北,驼色,XXL,C10343,48.62
DD100549,2024-02-17,2,连衣裙,吊带裙,450.0,2,900.0,100,532.82,东北,驼色,M,C10292,59.2
DD101468,2024-04-07,4,裤装,短裤,160.0,1,160.0,100,92.19,华北,灰色,XL,C10561,57.62
DD101447,2024-04-19,4,裤装,短裤,510.0,1,484.5,95,250.04,西南,黑色,XS,C10108,51.61
DD101221,2024-06-02,6,配饰,腰带,80.0,2,152.0,95,103.13,西南,灰色,XS,C10327,67.85
DD100307,2024-07-22,7,连衣裙,吊带裙,510.0,1,510.0,100,292.79,西南,黑色,L,C10272,57.41
DD100288,2024-06-07,6,外套,夹克,1120.0,2,2240.0,100,1014.74,华北,藏青,XXL,C10090,45.3
DD100695,2024-01-02,1,连衣裙,吊带裙,250.0,1,225.0,90,122.63,华东,白色,XL,C10079,54.5
DD100946,2024-11-23,11,上衣,针织衫,270.0,1,135.0,50,86.16,东北,驼色,L,C10445,63.82
DD100631,2024-03-26,3,裤装,西装裤,360.0,1,342.0,95,198.04,华北,黑色,XXL,C10501,57.91
DD102128,2024-03-10,3,裤装,短裤,180.0,2,360.0,100,175.55,东北,灰色,M,C10152,48.76
DD101966,2024-11-16,11,连衣裙,A字裙,240.0,1,240.0,100,127.35,东北,驼色,L,C10565,53.06
DD101065,2024-05-19,5,上衣,衬衫,270.0,2,486.0,90,313.48,东北,墨绿,L,C10507,64.5
DD102506,2024-12-14,12,配饰,围巾,290.0,2,406.0,70,258.01,华东,藏青,M,C10101,63.55
DD101506,2024-10-11,10,上衣,卫衣,180.0,2,342.0,95,204.28,东北,米色,XS,C10108,59.73
DD101378,2024-01-10,1,配饰,包包,120.0,1,102.0,85,64.51,华东,藏青,M,C10554,63.25
DD102046,2024-12-05,12,上衣,针织衫,330.0,1,313.5,95,198.09,华东,藏青,XXL,C10048,63.19
DD101726,2024-07-19,7,连衣裙,衬衫裙,220.0,1,220.0,100,125.12,东北,藏青,M,C10063,56.87
DD102194,2024-03-05,3,外套,风衣,1190.0,1,1130.5,95,433.87,东北,米色,XXL,C10130,38.38
DD101491,2024-02-25,2,连衣裙,A字裙,410.0,1,410.0,100,229.72,华中,白色,L,C10066,56.03
DD100962,2024-03-09,3,配饰,围巾,190.0,1,190.0,100,137.61,东北,灰色,XL,C10081,72.43
DD101703,2024-02-12,2,连衣裙,衬衫裙,550.0,3,1155.0,70,623.19,华中,驼色,L,C10474,53.96
DD101611,2024-01-28,1,上衣,T恤,260.0,2,520.0,100,319.99,西南,酒红,L,C10041,61.54
DD100014,2024-02-01,2,上衣,针织衫,190.0,1,190.0,100,108.84,华北,白色,L,C10146,57.28
DD101059,2024-12-14,12,连衣裙,针织裙,480.0,1,480.0,100,282.6,华中,驼色,XS,C10182,58.88
DD100809,2024-04-28,4,连衣裙,衬衫裙,510.0,2,969.0,95,494.89,华北,驼色,S,C10271,51.07
DD101739,2024-08-23,8,裤装,牛仔裤,580.0,1,551.0,95,261.96,华北,墨绿,XXL,C10519,47.54
DD100515,2024-04-22,4,上衣,卫衣,190.0,1,190.0,100,113.44,华东,白色,S,C10436,59.71
DD100410,2024-09-03,9,裤装,休闲裤,430.0,1,408.5,95,196.61,华中,白色,M,C10582,48.13
DD102335,2024-01-18,1,连衣裙,A字裙,310.0,3,930.0,100,520.99,华东,墨绿,XL,C10319,56.02
DD100314,2024-06-23,6,配饰,包包,280.0,1,266.0,95,171.72,西南,驼色,M,C10082,64.56
DD102030,2024-07-18,7,外套,大衣,1220.0,2,2440.0,100,1127.39,华南,藏青,XXL,C10056,46.2
DD102276,2024-01-19,1,上衣,卫衣,300.0,1,285.0,95,168.93,华中,黑色,XXL,C10309,59.27
DD100839,2024-07-26,7,连衣裙,针织裙,670.0,1,670.0,100,410.8,华中,酒红,XS,C10252,61.31
DD101115,2024-02-18,2,上衣,衬衫,250.0,1,250.0,100,163.53,东北,驼色,XL,C10217,65.41
DD101369,2024-03-24,3,配饰,围巾,280.0,1,280.0,100,199.13,华北,白色,XXL,C10302,71.12
DD100383,2024-10-19,10,连衣裙,针织裙,420.0,1,399.0,95,237.92,华北,驼色,L,C10009,59.63
DD101186,2024-03-26,3,上衣,衬衫,110.0,1,110.0,100,71.95,华中,灰色,L,C10504,65.41
DD101763,2024-08-12,8,上衣,T恤,120.0,1,102.0,85,59.36,华中,米色,L,C10479,58.2
DD100842,2024-11-19,11,上衣,衬衫,270.0,2,513.0,95,307.86,西南,米色,L,C10444,60.01
DD101107,2024-06-05,6,配饰,围巾,120.0,1,108.0,90,68.94,东北,米色,XL,C10076,63.83
DD101095,2024-12-16,12,配饰,腰带,90.0,1,90.0,100,60.54,华中,驼色,M,C10256,67.27
DD101128,2024-04-05,4,裤装,休闲裤,320.0,1,320.0,100,164.58,东北,白色,XL,C10428,51.43
DD100840,2024-02-04,2,裤装,西装裤,460.0,1,460.0,100,228.5,华南,驼色,XXL,C10470,49.67
DD100264,2024-12-19,12,裤装,休闲裤,440.0,1,396.0,90,230.53,西南,驼色,XS,C10365,58.21
DD101028,2024-10-11,10,连衣裙,吊带裙,400.0,2,800.0,100,405.79,东北,酒红,M,C10433,50.72
DD102251,2024-08-16,8,裤装,休闲裤,300.0,1,270.0,90,132.01,华南,驼色,L,C10271,48.89
DD101037,2024-03-16,3,上衣,T恤,290.0,1,290.0,100,154.36,华北,灰色,M,C10070,53.23
DD100416,2024-05-17,5,裤装,牛仔裤,310.0,3,837.0,90,415.07,华东,酒红,M,C10246,49.59
DD100223,2024-11-15,11,上衣,衬衫,370.0,1,259.0,70,165.19,华南,酒红,M,C10174,63.78
DD100359,2024-04-24,4,上衣,T恤,270.0,3,810.0,100,527.92,西南,灰色,S,C10347,65.18
DD101272,2024-07-08,7,连衣裙,衬衫裙,420.0,1,399.0,95,196.94,华中,米色,XL,C10263,49.36
DD100991,2024-07-06,7,连衣裙,A字裙,260.0,1,260.0,100,153.69,华南,白色,L,C10505,59.11
DD100009,2024-05-05,5,外套,羽绒服,440.0,1,418.0,95,198.68,华北,米色,S,C10577,47.53
DD102273,2024-02-26,2,上衣,T恤,300.0,1,270.0,90,146.71,华东,米色,M,C10516,54.34
DD100317,2024-04-04,4,上衣,针织衫,380.0,1,361.0,95,198.58,华南,驼色,XL,C10139,55.01
DD100305,2024-04-06,4,上衣,卫衣,180.0,1,180.0,100,99.74,华中,灰色,XXL,C10071,55.41
DD100428,2024-07-19,7,裤装,休闲裤,570.0,2,1083.0,95,579.69,东北,酒红,M,C10555,53.53
DD100106,2024-10-12,10,裤装,西装裤,560.0,3,1680.0,100,907.02,华东,灰色,L,C10520,53.99
DD101615,2024-06-20,6,裤装,休闲裤,360.0,1,288.0,80,146.89,东北,藏青,M,C10384,51.0
DD100122,2024-06-20,6,裤装,短裤,450.0,1,450.0,100,242.47,华南,藏青,L,C10340,53.88
DD100942,2024-06-28,6,上衣,卫衣,290.0,1,261.0,90,169.83,东北,墨绿,S,C10054,65.07
DD102588,2024-04-06,4,连衣裙,吊带裙,490.0,1,490.0,100,251.05,西南,酒红,M,C10589,51.23
DD100933,2024-10-21,10,上衣,T恤,150.0,1,150.0,100,98.41,东北,灰色,L,C10171,65.61
DD101515,2024-03-04,3,上衣,衬衫,120.0,2,228.0,95,140.95,西南,酒红,XXL,C10074,61.82
DD101926,2024-02-26,2,上衣,针织衫,250.0,1,225.0,90,115.03,东北,白色,M,C10318,51.12
DD101334,2024-11-23,11,连衣裙,衬衫裙,250.0,1,237.5,95,116.87,华南,白色,L,C10282,49.21
DD100116,2024-08-08,8,上衣,针织衫,320.0,1,288.0,90,157.37,西南,灰色,XXL,C10374,54.64
DD101091,2024-04-17,4,上衣,卫衣,330.0,1,280.5,85,169.75,东北,驼色,L,C10501,60.52
DD100745,2024-05-08,5,裤装,短裤,400.0,1,400.0,100,222.36,华南,藏青,L,C10198,55.59
DD100924,2024-07-16,7,连衣裙,针织裙,560.0,1,560.0,100,338.35,华东,白色,XL,C10105,60.42
DD101692,2024-08-16,8,上衣,卫衣,220.0,1,198.0,90,110.74,华北,驼色,S,C10336,55.93
DD102431,2024-08-11,8,外套,夹克,510.0,1,510.0,100,233.32,西南,米色,M,C10238,45.75
DD101756,2024-07-08,7,上衣,T恤,160.0,2,304.0,95,164.77,华东,灰色,XXL,C10222,54.2
DD102556,2024-10-25,10,连衣裙,针织裙,680.0,1,646.0,95,309.53,华东,米色,XL,C10577,47.91
DD101353,2024-07-11,7,裤装,休闲裤,380.0,2,532.0,70,301.75,华东,米色,XL,C10130,56.72
DD100673,2024-03-13,3,连衣裙,针织裙,590.0,1,590.0,100,357.16,东北,米色,XL,C10207,60.54
DD102403,2024-05-18,5,裤装,休闲裤,320.0,1,304.0,95,171.82,华东,白色,S,C10226,56.52
DD101456,2024-05-15,5,连衣裙,A字裙,210.0,2,336.0,80,200.9,华中,藏青,L,C10597,59.79
DD101780,2024-11-25,11,上衣,针织衫,210.0,1,210.0,100,119.92,华南,藏青,M,C10034,57.1
DD100310,2024-08-10,8,裤装,西装裤,500.0,1,475.0,95,255.65,华东,灰色,XXL,C10043,53.82
DD100592,2024-05-23,5,上衣,T恤,230.0,1,230.0,100,124.13,东北,米色,S,C10291,53.97
DD100463,2024-08-02,8,上衣,针织衫,330.0,1,330.0,100,179.54,华北,驼色,XL,C10443,54.41
DD101254,2024-03-18,3,配饰,包包,100.0,1,100.0,100,65.07,东北,酒红,M,C10194,65.07
DD100046,2024-04-13,4,上衣,衬衫,150.0,2,270.0,90,177.08,华南,白色,L,C10117,65.59
DD101317,2024-06-10,6,配饰,腰带,170.0,1,136.0,80,92.37,华中,灰色,XXL,C10353,67.92
DD101038,2024-11-18,11,裤装,西装裤,250.0,1,237.5,95,110.54,华南,灰色,M,C10098,46.54
DD100553,2024-11-25,11,外套,羽绒服,310.0,1,310.0,100,129.07,华南,米色,L,C10325,41.64
DD100088,2024-08-09,8,上衣,针织衫,310.0,1,310.0,100,178.6,华东,酒红,L,C10015,57.61
DD100691,2024-03-11,3,连衣裙,衬衫裙,390.0,1,351.0,90,175.86,华东,黑色,XXL,C10221,50.1
DD101834,2024-02-28,2,配饰,腰带,130.0,1,130.0,100,77.3,西南,藏青,S,C10143,59.46
DD102585,2024-12-24,12,连衣裙,A字裙,270.0,1,270.0,100,143.2,东北,藏青,M,C10384,53.04
DD102511,2024-08-18,8,连衣裙,A字裙,510.0,1,357.0,70,210.14,华南,米色,L,C10295,58.86
DD101755,2024-10-23,10,连衣裙,吊带裙,470.0,1,423.0,90,232.52,华北,墨绿,XS,C10367,54.97
DD102445,2024-05-24,5,上衣,卫衣,110.0,2,220.0,100,140.83,华东,灰色,S,C10451,64.01
DD100801,2024-10-17,10,配饰,围巾,230.0,1,230.0,100,158.96,华中,墨绿,M,C10064,69.11
DD102151,2024-05-11,5,裤装,短裤,560.0,1,504.0,90,293.96,华南,酒红,M,C10274,58.33
DD100301,2024-09-16,9,连衣裙,吊带裙,200.0,1,170.0,85,92.32,华南,黑色,L,C10180,54.31
DD102266,2024-01-12,1,连衣裙,衬衫裙,390.0,3,1170.0,100,700.33,华中,白色,M,C10186,59.86
DD100544,2024-02-06,2,连衣裙,吊带裙,390.0,1,370.5,95,216.54,华南,墨绿,M,C10500,58.45
DD101910,2024-08-20,8,外套,羽绒服,1100.0,1,1100.0,100,426.9,华东,灰色,XL,C10002,38.81
DD102310,2024-12-01,12,连衣裙,针织裙,450.0,2,900.0,100,558.6,华南,黑色,S,C10178,62.07
DD100495,2024-04-20,4,裤装,牛仔裤,480.0,1,456.0,95,250.84,西南,墨绿,XL,C10327,55.01
DD100366,2024-01-03,1,配饰,围巾,70.0,1,66.5,95,46.47,华北,驼色,XXL,C10421,69.88
DD102353,2024-08-05,8,裤装,休闲裤,350.0,1,350.0,100,162.09,西南,黑色,S,C10233,46.31
DD102093,2024-10-15,10,外套,风衣,310.0,1,310.0,100,141.29,华中,驼色,XS,C10093,45.58
DD100274,2024-08-20,8,连衣裙,吊带裙,460.0,1,460.0,100,280.95,华北,灰色,M,C10411,61.08
DD100789,2024-12-05,12,外套,大衣,370.0,3,943.5,85,452.59,华东,米色,L,C10184,47.97
DD100072,2024-05-08,5,上衣,卫衣,180.0,1,180.0,100,106.29,东北,墨绿,M,C10304,59.05
DD102296,2024-09-17,9,上衣,卫衣,300.0,1,300.0,100,179.9,西南,米色,L,C10333,59.97
DD101965,2024-05-26,5,配饰,帽子,200.0,1,190.0,95,125.39,华南,灰色,L,C10494,65.99
DD100064,2024-08-22,8,裤装,短裤,550.0,1,495.0,90,245.3,华东,黑色,L,C10410,49.56
DD100395,2024-01-08,1,上衣,衬衫,300.0,1,300.0,100,182.82,华东,白色,XL,C10351,60.94
DD101585,2024-09-14,9,配饰,帽子,190.0,2,380.0,100,268.45,东北,灰色,XS,C10189,70.64
DD100344,2024-02-28,2,裤装,短裤,590.0,1,501.5,85,269.58,华东,灰色,L,C10315,53.75
DD101489,2024-10-16,10,上衣,针织衫,320.0,1,272.0,85,168.86,华东,灰色,XL,C10043,62.08
DD101495,2024-04-26,4,上衣,衬衫,110.0,2,220.0,100,118.01,东北,驼色,XL,C10211,53.64
DD100501,2024-10-23,10,连衣裙,针织裙,560.0,1,560.0,100,266.55,华东,灰色,M,C10128,47.6
DD101814,2024-12-14,12,连衣裙,吊带裙,480.0,1,384.0,80,192.42,东北,墨绿,M,C10175,50.11
DD101424,2024-06-22,6,裤装,休闲裤,210.0,1,199.5,95,115.52,东北,藏青,M,C10283,57.9
DD100678,2024-12-24,12,裤装,牛仔裤,340.0,1,289.0,85,164.09,华南,黑色,L,C10240,56.78
DD101111,2024-08-26,8,裤装,西装裤,520.0,1,520.0,100,304.8,华北,白色,L,C10051,58.62
DD102572,2024-07-27,7,上衣,衬衫,160.0,1,144.0,90,81.73,华南,藏青,M,C10437,56.76
DD102193,2024-12-15,12,连衣裙,衬衫裙,340.0,1,340.0,100,204.21,华中,灰色,XL,C10546,60.06
DD101654,2024-02-13,2,上衣,针织衫,120.0,1,60.0,50,37.58,华南,白色,XL,C10522,62.63
DD101191,2024-04-17,4,上衣,衬衫,330.0,1,313.5,95,192.2,东北,酒红,XL,C10027,61.31
DD100273,2024-03-08,3,上衣,T恤,310.0,1,294.5,95,190.4,华东,灰色,S,C10498,64.65
DD102067,2024-05-25,5,连衣裙,衬衫裙,580.0,1,493.0,85,264.63,华北,白色,L,C10258,53.68
DD100206,2024-05-08,5,上衣,衬衫,130.0,1,130.0,100,71.54,西南,酒红,M,C10200,55.03
DD100734,2024-07-05,7,连衣裙,针织裙,280.0,1,266.0,95,159.27,西南,酒红,XL,C10400,59.88
DD100153,2024-01-25,1,裤装,牛仔裤,450.0,2,900.0,100,522.11,华南,驼色,M,C10435,58.01
DD102371,2024-06-05,6,连衣裙,衬衫裙,490.0,1,490.0,100,250.9,华北,墨绿,M,C10358,51.2
DD100558,2024-01-26,1,上衣,T恤,330.0,1,330.0,100,196.17,东北,米色,M,C10461,59.45
DD101526,2024-08-21,8,连衣裙,A字裙,620.0,1,558.0,90,295.06,华东,白色,M,C10571,52.88
DD101727,2024-10-05,10,连衣裙,针织裙,580.0,1,406.0,70,212.02,西南,酒红,S,C10488,52.22
DD100378,2024-05-21,5,配饰,围巾,160.0,1,160.0,100,104.89,华东,酒红,M,C10465,65.56
DD101536,2024-10-13,10,上衣,卫衣,280.0,1,252.0,90,157.35,东北,墨绿,M,C10580,62.44
DD100536,2024-01-12,1,外套,羽绒服,840.0,1,840.0,100,359.63,东北,藏青,XXL,C10179,42.81
DD101793,2024-06-05,6,连衣裙,针织裙,550.0,1,522.5,95,268.11,华北,墨绿,M,C10044,51.31
DD101094,2024-03-14,3,连衣裙,A字裙,620.0,1,620.0,100,343.54,华东,白色,L,C10101,55.41
DD100970,2024-07-25,7,外套,风衣,580.0,2,1044.0,90,497.5,东北,墨绿,M,C10115,47.65
DD100199,2024-05-20,5,连衣裙,衬衫裙,230.0,1,230.0,100,112.13,华东,白色,M,C10265,48.75
DD100562,2024-11-10,11,连衣裙,A字裙,230.0,1,218.5,95,127.72,华南,灰色,M,C10414,58.45
DD100686,2024-02-22,2,连衣裙,吊带裙,600.0,1,600.0,100,287.17,华南,米色,M,C10227,47.86
DD102233,2024-06-16,6,连衣裙,针织裙,290.0,1,261.0,90,128.25,华中,墨绿,M,C10587,49.14
DD100591,2024-07-11,7,裤装,牛仔裤,490.0,2,882.0,90,519.61,西南,黑色,XXL,C10557,58.91
DD100520,2024-06-04,6,外套,夹克,1040.0,1,936.0,90,483.72,华南,米色,XXL,C10394,51.68
DD100309,2024-06-18,6,裤装,休闲裤,600.0,1,600.0,100,292.38,华中,灰色,M,C10566,48.73
DD100605,2024-09-23,9,裤装,西装裤,560.0,1,336.0,60,161.64,华北,黑色,M,C10350,48.11
DD102246,2024-09-18,9,裤装,西装裤,540.0,1,540.0,100,306.25,华北,驼色,L,C10449,56.71
DD101525,2024-12-03,12,上衣,针织衫,320.0,1,272.0,85,156.39,东北,米色,S,C10082,57.5
DD100060,2024-12-14,12,上衣,衬衫,120.0,1,120.0,100,76.88,东北,驼色,XL,C10094,64.07
DD100584,2024-09-18,9,配饰,包包,70.0,1,59.5,85,39.67,华中,米色,XL,C10135,66.67
DD100987,2024-10-23,10,外套,风衣,1210.0,1,1210.0,100,568.0,华东,米色,S,C10204,46.94
DD100208,2024-05-15,5,外套,夹克,480.0,1,432.0,90,204.99,西南,米色,S,C10279,47.45
DD100492,2024-10-10,10,配饰,包包,60.0,1,60.0,100,38.8,华南,酒红,XL,C10057,64.67
DD101000,2024-05-17,5,裤装,短裤,420.0,2,840.0,100,412.7,东北,驼色,XL,C10057,49.13
DD100786,2024-10-12,10,裤装,短裤,260.0,1,247.0,95,126.73,东北,黑色,L,C10325,51.31
DD101235,2024-05-17,5,裤装,短裤,590.0,1,472.0,80,255.68,华中,驼色,S,C10316,54.17
DD102526,2024-03-14,3,裤装,休闲裤,250.0,2,450.0,90,240.11,西南,黑色,M,C10338,53.36
DD100793,2024-07-20,7,连衣裙,吊带裙,660.0,1,660.0,100,380.97,华东,驼色,L,C10518,57.72
DD100832,2024-11-05,11,连衣裙,吊带裙,280.0,1,280.0,100,163.72,华南,灰色,M,C10500,58.47
DD100163,2024-09-25,9,上衣,卫衣,270.0,1,270.0,100,156.46,东北,灰色,M,C10056,57.95
DD101252,2024-06-17,6,上衣,卫衣,90.0,1,90.0,100,59.45,东北,黑色,M,C10339,66.06
DD101770,2024-10-27,10,连衣裙,衬衫裙,590.0,1,590.0,100,350.54,华北,酒红,L,C10443,59.41
DD100527,2024-10-09,10,裤装,短裤,440.0,1,264.0,60,128.52,东北,藏青,XS,C10366,48.68
DD101322,2024-07-08,7,外套,风衣,1130.0,1,1073.5,95,480.16,华南,驼色,M,C10558,44.73
DD100892,2024-05-17,5,裤装,西装裤,350.0,1,350.0,100,179.37,东北,藏青,L,C10467,51.25
DD102234,2024-05-11,5,上衣,卫衣,320.0,1,320.0,100,205.53,东北,米色,S,C10296,64.23
DD100257,2024-05-22,5,上衣,卫衣,110.0,1,110.0,100,57.07,东北,驼色,M,C10476,51.88
DD100507,2024-01-04,1,连衣裙,A字裙,500.0,1,350.0,70,171.91,华中,灰色,L,C10536,49.12
DD100387,2024-05-19,5,连衣裙,A字裙,580.0,1,406.0,70,233.42,华南,黑色,L,C10105,57.49
DD102211,2024-11-13,11,配饰,包包,50.0,1,35.0,70,24.84,华中,墨绿,XXL,C10486,70.97
DD100953,2024-07-29,7,连衣裙,A字裙,320.0,1,320.0,100,182.02,东北,驼色,S,C10121,56.88
DD102322,2024-10-09,10,配饰,围巾,70.0,1,66.5,95,43.38,华中,酒红,M,C10481,65.23
DD102372,2024-09-27,9,外套,夹克,950.0,1,950.0,100,433.34,华中,墨绿,M,C10598,45.61
DD102257,2024-10-07,10,裤装,短裤,410.0,1,410.0,100,213.81,西南,白色,L,C10107,52.15
DD101379,2024-08-20,8,裤装,牛仔裤,440.0,1,440.0,100,219.91,东北,白色,S,C10100,49.98
DD102379,2024-07-13,7,裤装,西装裤,560.0,1,532.0,95,253.53,华南,白色,S,C10497,47.66
DD101243,2024-04-04,4,连衣裙,衬衫裙,400.0,1,380.0,95,218.14,东北,酒红,XXL,C10031,57.41
DD102299,2024-05-29,5,上衣,衬衫,170.0,1,153.0,90,96.55,东北,黑色,M,C10107,63.1
DD100021,2024-07-03,7,配饰,围巾,60.0,1,60.0,100,42.03,华南,黑色,M,C10565,70.05
DD101599,2024-05-11,5,配饰,围巾,130.0,1,91.0,70,66.31,东北,黑色,L,C10432,72.87
DD100440,2024-04-24,4,上衣,针织衫,290.0,1,174.0,60,103.86,华北,黑色,XL,C10509,59.69
DD102224,2024-04-29,4,上衣,卫衣,260.0,1,221.0,85,145.46,华东,米色,M,C10171,65.82
DD100382,2024-03-02,3,连衣裙,针织裙,360.0,1,306.0,85,165.73,华东,黑色,M,C10480,54.16
DD101463,2024-09-13,9,上衣,卫衣,160.0,1,160.0,100,95.24,东北,藏青,L,C10442,59.52
DD102517,2024-08-23,8,外套,羽绒服,1140.0,1,912.0,80,404.85,华东,灰色,M,C10334,44.39
DD100539,2024-05-10,5,连衣裙,针织裙,230.0,2,437.0,95,256.41,东北,米色,L,C10084,58.68
DD101522,2024-08-03,8,连衣裙,针织裙,290.0,1,290.0,100,156.75,西南,驼色,S,C10287,54.05
DD101035,2024-11-04,11,连衣裙,针织裙,260.0,1,260.0,100,149.16,华东,米色,XL,C10276,57.37
DD100084,2024-06-09,6,裤装,短裤,520.0,1,468.0,90,255.96,华北,酒红,S,C10016,54.69
DD100974,2024-03-11,3,连衣裙,吊带裙,370.0,1,351.5,95,178.36,西南,灰色,L,C10582,50.74
DD101030,2024-10-01,10,上衣,T恤,290.0,2,580.0,100,316.99,东北,黑色,S,C10588,54.65
DD102347,2024-06-10,6,裤装,休闲裤,520.0,1,442.0,85,233.98,华中,米色,L,C10557,52.94
DD101420,2024-12-27,12,配饰,腰带,130.0,1,130.0,100,90.22,东北,驼色,S,C10162,69.4
DD100884,2024-04-08,4,裤装,短裤,360.0,1,324.0,90,154.12,华南,墨绿,M,C10472,47.57
DD102378,2024-11-04,11,裤装,西装裤,380.0,2,684.0,90,327.31,东北,白色,L,C10209,47.85
DD101592,2024-04-20,4,外套,风衣,350.0,1,350.0,100,139.22,华北,墨绿,M,C10505,39.78
DD101899,2024-08-19,8,配饰,帽子,110.0,1,110.0,100,78.01,华中,灰色,XS,C10008,70.92
DD100887,2024-08-20,8,外套,风衣,730.0,1,730.0,100,332.88,华北,黑色,L,C10068,45.6
DD100271,2024-05-10,5,外套,羽绒服,800.0,2,1360.0,85,686.64,华北,酒红,L,C10424,50.49
DD101200,2024-10-27,10,上衣,衬衫,290.0,1,246.5,85,135.31,华南,米色,XS,C10110,54.89
DD101238,2024-05-07,5,裤装,短裤,210.0,1,168.0,80,84.86,华北,藏青,L,C10526,50.51
DD102149,2024-01-05,1,上衣,衬衫,210.0,1,199.5,95,118.85,西南,米色,L,C10569,59.57
DD102358,2024-08-16,8,连衣裙,吊带裙,600.0,2,1200.0,100,640.55,华北,白色,XS,C10575,53.38
DD100977,2024-05-25,5,上衣,T恤,380.0,1,266.0,70,166.21,华中,藏青,L,C10566,62.48
DD101737,2024-11-27,11,外套,夹克,800.0,1,720.0,90,352.67,东北,米色,L,C10054,48.98
DD101856,2024-03-11,3,上衣,卫衣,230.0,1,195.5,85,118.83,华东,黑色,M,C10105,60.78
DD102229,2024-10-13,10,外套,羽绒服,990.0,1,594.0,60,273.16,东北,白色,M,C10273,45.99
DD100430,2024-02-13,2,外套,风衣,490.0,1,441.0,90,222.55,华北,驼色,XS,C10179,50.46
DD102018,2024-03-03,3,裤装,短裤,320.0,1,272.0,85,136.69,东北,酒红,M,C10018,50.25
DD102286,2024-05-24,5,连衣裙,衬衫裙,650.0,1,617.5,95,361.69,东北,灰色,S,C10515,58.57
DD101414,2024-09-18,9,上衣,衬衫,240.0,2,336.0,70,181.98,东北,米色,M,C10074,54.16
DD102297,2024-04-02,4,配饰,腰带,250.0,1,250.0,100,176.81,东北,酒红,M,C10188,70.72
DD100459,2024-08-19,8,上衣,衬衫,300.0,1,285.0,95,181.88,东北,白色,L,C10313,63.82
DD101895,2024-10-22,10,上衣,T恤,100.0,2,190.0,95,100.96,华中,墨绿,L,C10210,53.14
DD100928,2024-05-27,5,裤装,休闲裤,410.0,1,410.0,100,213.53,华北,黑色,L,C10121,52.08
DD100079,2024-04-23,4,裤装,牛仔裤,530.0,4,2014.0,95,1147.0,华北,灰色,XXL,C10041,56.95
DD102528,2024-05-22,5,上衣,卫衣,380.0,2,760.0,100,483.96,东北,驼色,S,C10515,63.68
DD101827,2024-06-24,6,上衣,T恤,110.0,4,308.0,70,168.04,华北,藏青,M,C10238,54.56
DD100033,2024-10-19,10,上衣,卫衣,220.0,1,198.0,90,118.36,华中,藏青,M,C10524,59.78
DD100907,2024-11-25,11,配饰,帽子,130.0,3,370.5,95,249.7,华南,黑色,S,C10275,67.4
DD101567,2024-06-20,6,连衣裙,A字裙,600.0,1,300.0,50,170.66,华中,黑色,L,C10117,56.89
DD101076,2024-07-15,7,连衣裙,针织裙,660.0,1,594.0,90,320.53,华南,黑色,XL,C10553,53.96
DD102338,2024-10-03,10,裤装,休闲裤,530.0,1,477.0,90,264.44,华北,白色,M,C10318,55.44
DD100381,2024-03-23,3,裤装,短裤,190.0,1,171.0,90,93.92,华北,灰色,L,C10152,54.92
DD101648,2024-05-07,5,上衣,衬衫,390.0,1,390.0,100,232.33,华东,墨绿,L,C10560,59.57
DD102449,2024-09-04,9,连衣裙,衬衫裙,400.0,1,380.0,95,196.52,华北,黑色,M,C10272,51.72
DD100716,2024-11-18,11,裤装,牛仔裤,510.0,4,2040.0,100,1076.33,华北,灰色,S,C10299,52.76
DD101659,2024-03-09,3,配饰,帽子,90.0,1,85.5,95,53.78,华东,酒红,XXL,C10291,62.9
DD100687,2024-08-27,8,裤装,牛仔裤,590.0,1,590.0,100,319.55,西南,米色,S,C10408,54.16
DD102223,2024-10-14,10,配饰,帽子,290.0,1,275.5,95,185.93,华南,白色,M,C10105,67.49
DD100306,2024-05-04,5,上衣,衬衫,200.0,1,190.0,95,101.89,东北,藏青,L,C10286,53.63
DD100210,2024-09-24,9,连衣裙,A字裙,270.0,1,256.5,95,146.28,东北,酒红,L,C10486,57.03
DD101812,2024-02-20,2,配饰,帽子,110.0,3,280.5,85,175.78,东北,酒红,XXL,C10023,62.67
DD102578,2024-10-18,10,裤装,短裤,190.0,1,133.0,70,64.35,华东,墨绿,M,C10335,48.38
DD101160,2024-03-06,3,连衣裙,吊带裙,610.0,1,518.5,85,307.05,华中,酒红,L,C10262,59.22
DD100886,2024-01-10,1,上衣,衬衫,250.0,1,175.0,70,112.63,华北,白色,M,C10509,64.36
DD101345,2024-03-11,3,连衣裙,A字裙,380.0,1,361.0,95,220.13,华南,驼色,M,C10288,60.98
DD102465,2024-06-08,6,连衣裙,衬衫裙,280.0,1,196.0,70,109.4,华北,墨绿,XL,C10415,55.82
DD101256,2024-05-13,5,外套,夹克,990.0,1,990.0,100,425.41,华北,驼色,M,C10020,42.97
DD100192,2024-06-13,6,连衣裙,衬衫裙,420.0,1,399.0,95,199.77,华中,米色,M,C10504,50.07
DD101658,2024-10-21,10,上衣,针织衫,270.0,1,243.0,90,156.69,华北,驼色,M,C10543,64.48
DD100484,2024-03-26,3,外套,风衣,810.0,1,810.0,100,363.84,华中,酒红,L,C10067,44.92
DD100916,2024-02-10,2,连衣裙,针织裙,450.0,1,360.0,80,181.27,东北,驼色,S,C10514,50.35
DD100278,2024-04-14,4,外套,风衣,580.0,1,551.0,95,226.56,华北,米色,S,C10541,41.12
DD100989,2024-04-27,4,上衣,卫衣,130.0,1,130.0,100,76.68,华中,墨绿,M,C10531,58.98
DD101396,2024-10-20,10,连衣裙,吊带裙,560.0,1,560.0,100,329.2,西南,米色,M,C10166,58.79
DD102210,2024-10-28,10,连衣裙,衬衫裙,360.0,1,342.0,95,176.99,华东,米色,XXL,C10324,51.75
DD100572,2024-06-17,6,配饰,围巾,300.0,1,300.0,100,199.5,西南,黑色,S,C10161,66.5
DD100994,2024-01-20,1,连衣裙,A字裙,320.0,1,304.0,95,150.89,华东,黑色,M,C10309,49.63
DD100586,2024-08-13,8,连衣裙,针织裙,400.0,2,800.0,100,468.55,西南,米色,XS,C10072,58.57
DD101187,2024-07-09,7,上衣,T恤,100.0,1,95.0,95,55.12,东北,白色,XXL,C10466,58.02
DD102594,2024-04-23,4,裤装,西装裤,520.0,4,1872.0,90,953.21,东北,米色,S,C10193,50.92
DD101531,2024-10-05,10,配饰,腰带,130.0,1,130.0,100,80.07,西南,酒红,XXL,C10367,61.59
DD100675,2024-11-07,11,连衣裙,吊带裙,240.0,1,240.0,100,143.49,华东,黑色,M,C10296,59.79
DD102532,2024-05-22,5,上衣,衬衫,320.0,4,1280.0,100,688.17,东北,白色,S,C10480,53.76
DD100856,2024-04-17,4,连衣裙,衬衫裙,510.0,1,459.0,90,231.98,华中,墨绿,XS,C10513,50.54
DD100448,2024-05-09,5,连衣裙,衬衫裙,430.0,1,408.5,95,243.94,东北,酒红,XL,C10377,59.72
DD101358,2024-11-08,11,上衣,卫衣,310.0,1,310.0,100,164.54,西南,黑色,M,C10233,53.08
DD102300,2024-01-09,1,配饰,包包,80.0,3,240.0,100,165.48,西南,酒红,L,C10360,68.95
DD101870,2024-11-06,11,裤装,休闲裤,390.0,1,390.0,100,197.13,华东,驼色,M,C10468,50.55
DD102319,2024-08-13,8,连衣裙,吊带裙,510.0,1,510.0,100,279.39,华东,米色,XXL,C10272,54.78
DD100295,2024-11-25,11,外套,大衣,700.0,1,665.0,95,310.12,华南,米色,L,C10149,46.63
DD100589,2024-04-13,4,连衣裙,吊带裙,430.0,2,817.0,95,463.6,东北,米色,L,C10245,56.74
DD101832,2024-03-05,3,配饰,围巾,100.0,3,285.0,95,200.71,华中,酒红,XXL,C10100,70.42
DD101736,2024-08-26,8,连衣裙,吊带裙,300.0,1,300.0,100,154.42,华南,灰色,L,C10383,51.47
DD102094,2024-06-23,6,外套,风衣,690.0,1,655.5,95,265.37,东北,藏青,L,C10580,40.48
DD101862,2024-06-26,6,配饰,围巾,220.0,1,220.0,100,150.86,华北,墨绿,M,C10441,68.57
DD100426,2024-05-22,5,连衣裙,吊带裙,680.0,1,544.0,80,279.16,华中,米色,M,C10440,51.32
DD100535,2024-01-26,1,上衣,T恤,250.0,1,250.0,100,163.4,华东,黑色,M,C10011,65.36
DD101055,2024-09-25,9,连衣裙,针织裙,400.0,1,400.0,100,201.12,西南,灰色,M,C10567,50.28
DD101405,2024-07-15,7,连衣裙,A字裙,430.0,2,817.0,95,456.59,华北,灰色,M,C10079,55.89
DD102172,2024-10-06,10,上衣,卫衣,250.0,1,250.0,100,156.21,东北,白色,M,C10329,62.48
DD101081,2024-12-01,12,连衣裙,吊带裙,680.0,2,1292.0,95,683.89,华东,黑色,S,C10185,52.93
DD102567,2024-04-07,4,上衣,卫衣,320.0,1,304.0,95,162.36,东北,驼色,M,C10224,53.41
DD101383,2024-07-02,7,裤装,短裤,450.0,1,360.0,80,192.33,东北,藏青,M,C10105,53.42
DD101375,2024-09-18,9,上衣,衬衫,300.0,1,300.0,100,181.82,华北,黑色,L,C10243,60.61
DD102029,2024-08-10,8,裤装,牛仔裤,350.0,1,297.5,85,157.62,华南,藏青,L,C10183,52.98
DD102306,2024-05-16,5,连衣裙,衬衫裙,670.0,1,636.5,95,380.67,西南,灰色,XS,C10293,59.81
DD101794,2024-09-24,9,上衣,针织衫,240.0,1,204.0,85,126.3,西南,米色,L,C10524,61.91
DD100557,2024-11-20,11,配饰,帽子,140.0,1,112.0,80,67.8,西南,白色,L,C10557,60.54
DD101872,2024-03-17,3,上衣,卫衣,110.0,1,110.0,100,64.08,华中,白色,M,C10203,58.25
DD101209,2024-10-10,10,连衣裙,针织裙,420.0,1,378.0,90,231.37,华南,白色,S,C10115,61.21
DD102323,2024-08-12,8,裤装,短裤,310.0,2,558.0,90,273.46,华南,藏青,L,C10013,49.01
DD100571,2024-08-13,8,上衣,卫衣,140.0,2,280.0,100,175.98,华东,藏青,L,C10393,62.85
DD100353,2024-10-04,10,上衣,衬衫,230.0,1,218.5,95,134.15,西南,灰色,L,C10111,61.4
DD100092,2024-09-12,9,配饰,围巾,290.0,2,551.0,95,332.17,西南,藏青,M,C10574,60.28
DD102197,2024-06-15,6,裤装,西装裤,350.0,1,332.5,95,172.1,华东,驼色,XXL,C10334,51.76
DD101125,2024-11-27,11,上衣,T恤,100.0,1,100.0,100,59.88,华中,驼色,L,C10105,59.88
DD102191,2024-03-23,3,外套,大衣,390.0,2,390.0,50,153.11,西南,藏青,M,C10485,39.26
DD102025,2024-06-29,6,裤装,牛仔裤,580.0,1,580.0,100,339.84,东北,黑色,M,C10396,58.59
DD100698,2024-02-23,2,裤装,牛仔裤,160.0,1,144.0,90,70.77,华中,米色,M,C10484,49.15
DD102174,2024-10-27,10,连衣裙,A字裙,690.0,1,655.5,95,350.44,华南,墨绿,XS,C10090,53.46
DD100349,2024-08-05,8,裤装,短裤,410.0,1,369.0,90,207.25,华中,墨绿,S,C10395,56.17
DD101178,2024-03-18,3,上衣,针织衫,310.0,1,310.0,100,178.18,东北,黑色,L,C10296,57.48
DD102009,2024-02-22,2,连衣裙,吊带裙,290.0,1,232.0,80,132.36,西南,墨绿,S,C10220,57.05
DD101724,2024-10-27,10,配饰,腰带,110.0,1,110.0,100,75.35,西南,墨绿,XS,C10185,68.5
DD102270,2024-08-07,8,裤装,短裤,270.0,1,270.0,100,136.64,华北,酒红,XL,C10177,50.61
DD101101,2024-06-07,6,上衣,T恤,190.0,1,171.0,90,102.71,华东,藏青,M,C10264,60.06
DD102467,2024-10-12,10,连衣裙,衬衫裙,330.0,1,297.0,90,154.39,东北,墨绿,XXL,C10469,51.98
DD102453,2024-11-19,11,裤装,牛仔裤,470.0,1,423.0,90,220.98,东北,藏青,M,C10335,52.24
DD102159,2024-03-15,3,裤装,牛仔裤,280.0,1,280.0,100,140.49,西南,黑色,XL,C10461,50.18
DD100454,2024-12-13,12,上衣,衬衫,200.0,1,200.0,100,121.92,西南,黑色,XL,C10418,60.96
DD100914,2024-01-05,1,上衣,针织衫,290.0,1,275.5,95,145.74,华南,驼色,M,C10335,52.9
DD101407,2024-04-26,4,外套,风衣,910.0,1,910.0,100,421.45,华东,黑色,S,C10438,46.31
DD100038,2024-09-08,9,配饰,围巾,160.0,1,144.0,90,101.92,东北,米色,M,C10219,70.78
DD100975,2024-11-28,11,连衣裙,衬衫裙,210.0,1,210.0,100,111.96,华北,墨绿,L,C10531,53.31
DD101890,2024-08-21,8,上衣,卫衣,280.0,1,266.0,95,142.28,华南,酒红,M,C10330,53.49
DD102241,2024-12-16,12,上衣,卫衣,180.0,1,180.0,100,110.78,华南,黑色,XS,C10238,61.54
DD100040,2024-07-15,7,连衣裙,针织裙,220.0,2,352.0,80,202.84,华东,白色,S,C10304,57.63
DD101698,2024-06-20,6,裤装,西装裤,300.0,1,210.0,70,112.26,华中,黑色,S,C10266,53.46
DD100170,2024-08-04,8,上衣,卫衣,110.0,1,110.0,100,69.14,西南,灰色,M,C10399,62.85
DD101922,2024-10-18,10,上衣,针织衫,260.0,3,702.0,90,448.04,华中,墨绿,XL,C10345,63.82
DD101326,2024-01-12,1,连衣裙,针织裙,690.0,1,655.5,95,393.61,华北,灰色,S,C10075,60.05
DD101513,2024-05-07,5,裤装,休闲裤,370.0,1,370.0,100,217.21,华中,黑色,XS,C10164,58.71
DD100635,2024-02-07,2,连衣裙,针织裙,620.0,1,558.0,90,298.22,华东,黑色,S,C10481,53.44
DD101448,2024-04-08,4,裤装,西装裤,480.0,2,864.0,90,405.99,华北,墨绿,M,C10255,46.99
DD100580,2024-06-16,6,连衣裙,吊带裙,620.0,1,589.0,95,325.24,华东,米色,XL,C10476,55.22
DD102393,2024-03-10,3,外套,夹克,1290.0,1,1290.0,100,637.29,东北,灰色,M,C10034,49.4
DD102129,2024-11-15,11,外套,夹克,970.0,1,679.0,70,349.46,西南,酒红,M,C10270,51.47
DD100893,2024-05-23,5,上衣,衬衫,240.0,1,240.0,100,140.47,华北,米色,L,C10459,58.53
DD100781,2024-04-26,4,外套,风衣,400.0,1,400.0,100,199.53,东北,藏青,S,C10379,49.88
DD100160,2024-10-15,10,连衣裙,吊带裙,580.0,1,551.0,95,342.38,华中,米色,XXL,C10103,62.14
DD101166,2024-05-23,5,上衣,针织衫,250.0,1,200.0,80,119.38,华东,墨绿,M,C10185,59.69
DD101248,2024-03-16,3,上衣,针织衫,260.0,2,520.0,100,287.2,华东,藏青,L,C10016,55.23
DD100062,2024-10-05,10,连衣裙,吊带裙,320.0,1,256.0,80,146.24,华南,墨绿,M,C10525,57.12
DD100850,2024-11-12,11,外套,大衣,520.0,1,468.0,90,207.1,华北,驼色,XL,C10003,44.25
DD102122,2024-03-11,3,连衣裙,针织裙,480.0,1,480.0,100,233.51,华南,白色,M,C10044,48.65
DD102509,2024-08-27,8,上衣,衬衫,260.0,1,234.0,90,141.33,西南,白色,L,C10475,60.4
DD101044,2024-03-25,3,连衣裙,针织裙,630.0,1,630.0,100,348.91,华北,灰色,XL,C10511,55.38
DD101993,2024-11-23,11,上衣,T恤,310.0,2,527.0,85,318.13,华北,黑色,M,C10555,60.37
DD102359,2024-09-15,9,连衣裙,吊带裙,440.0,1,396.0,90,189.17,华南,墨绿,M,C10188,47.77
DD101222,2024-10-20,10,裤装,西装裤,520.0,2,988.0,95,473.28,东北,黑色,L,C10471,47.9
DD101071,2024-01-04,1,上衣,T恤,180.0,1,162.0,90,99.82,华中,灰色,L,C10579,61.62
DD100054,2024-09-17,9,连衣裙,衬衫裙,450.0,1,450.0,100,250.14,华东,驼色,M,C10038,55.59
DD102474,2024-03-13,3,连衣裙,针织裙,460.0,1,391.0,85,196.72,华北,白色,M,C10129,50.31
DD100506,2024-03-27,3,上衣,针织衫,210.0,3,630.0,100,370.79,西南,驼色,L,C10376,58.86
DD100753,2024-05-14,5,裤装,西装裤,190.0,2,380.0,100,174.02,西南,白色,L,C10077,45.79
DD101762,2024-08-16,8,上衣,卫衣,340.0,1,323.0,95,212.75,东北,白色,L,C10083,65.87
DD101753,2024-10-06,10,外套,羽绒服,1060.0,4,3816.0,90,1739.18,华东,米色,L,C10252,45.58
DD101508,2024-10-18,10,裤装,休闲裤,280.0,1,280.0,100,145.56,西南,黑色,M,C10268,51.99
DD101147,2024-04-19,4,外套,大衣,590.0,1,413.0,70,209.66,东北,藏青,XL,C10192,50.77
DD102598,2024-08-08,8,连衣裙,A字裙,290.0,1,275.5,95,141.72,华北,白色,S,C10133,51.44
DD102138,2024-05-07,5,上衣,衬衫,170.0,2,306.0,90,172.64,华东,藏青,M,C10136,56.42
DD100772,2024-11-14,11,上衣,针织衫,360.0,1,324.0,90,175.56,华中,米色,M,C10442,54.19
DD102560,2024-08-25,8,裤装,西装裤,450.0,2,900.0,100,477.21,华东,灰色,M,C10391,53.02
DD102411,2024-06-15,6,上衣,T恤,90.0,2,180.0,100,105.38,华北,藏青,S,C10431,58.54
DD101086,2024-10-05,10,外套,夹克,630.0,1,535.5,85,232.82,华南,灰色,XXL,C10572,43.48
DD101294,2024-08-05,8,配饰,围巾,130.0,1,130.0,100,89.71,华北,驼色,L,C10464,69.01
DD101290,2024-05-18,5,配饰,包包,190.0,1,180.5,95,115.5,华东,藏青,S,C10155,63.99
DD101242,2024-04-08,4,上衣,T恤,370.0,1,351.5,95,204.91,东北,酒红,L,C10061,58.3
DD102019,2024-06-28,6,裤装,短裤,190.0,2,323.0,85,177.38,华北,酒红,XL,C10564,54.92
DD101267,2024-08-01,8,上衣,卫衣,380.0,1,380.0,100,226.26,华北,灰色,S,C10203,59.54
DD101291,2024-01-04,1,外套,大衣,660.0,1,660.0,100,300.04,西南,驼色,S,C10148,45.46
DD100964,2024-05-13,5,连衣裙,针织裙,420.0,1,420.0,100,221.18,华中,酒红,XL,C10294,52.66
DD101261,2024-08-24,8,裤装,牛仔裤,410.0,1,410.0,100,215.3,华南,灰色,M,C10507,52.51
DD100399,2024-10-02,10,连衣裙,A字裙,480.0,1,480.0,100,240.25,华北,灰色,XL,C10326,50.05
DD100585,2024-09-22,9,裤装,西装裤,280.0,2,560.0,100,269.07,华北,藏青,M,C10109,48.05
DD100949,2024-04-17,4,外套,羽绒服,730.0,2,1460.0,100,688.26,东北,藏青,M,C10441,47.14
DD100705,2024-06-23,6,上衣,T恤,300.0,1,285.0,95,156.52,东北,灰色,M,C10169,54.92
DD100432,2024-05-12,5,裤装,休闲裤,500.0,3,900.0,60,422.57,华东,藏青,XL,C10209,46.95
DD100293,2024-11-21,11,外套,风衣,350.0,1,210.0,60,105.9,华东,墨绿,XL,C10192,50.43
DD102010,2024-11-25,11,外套,夹克,1080.0,1,972.0,90,371.44,西南,黑色,XL,C10047,38.21
DD101565,2024-02-12,2,上衣,卫衣,400.0,1,400.0,100,251.12,华中,白色,M,C10353,62.78
DD101652,2024-10-27,10,连衣裙,吊带裙,310.0,1,248.0,80,131.07,西南,驼色,L,C10231,52.85
DD100003,2024-03-23,3,连衣裙,吊带裙,220.0,1,220.0,100,130.48,西南,灰色,XL,C10345,59.31
DD100577,2024-10-15,10,裤装,休闲裤,240.0,1,240.0,100,117.39,华南,酒红,S,C10355,48.91
DD101942,2024-05-17,5,裤装,休闲裤,280.0,2,560.0,100,300.41,华中,酒红,XXL,C10593,53.64
DD100340,2024-04-09,4,上衣,针织衫,220.0,1,198.0,90,107.4,西南,白色,M,C10586,54.24
DD101197,2024-03-14,3,连衣裙,A字裙,540.0,2,864.0,80,437.62,东北,酒红,S,C10184,50.65
DD100926,2024-04-11,4,连衣裙,吊带裙,680.0,2,952.0,70,487.52,华南,驼色,XXL,C10542,51.21
DD100266,2024-07-16,7,上衣,针织衫,280.0,1,252.0,90,151.24,华南,黑色,XXL,C10389,60.02
DD100377,2024-06-23,6,裤装,休闲裤,220.0,1,220.0,100,127.15,东北,酒红,M,C10084,57.8
DD100272,2024-10-14,10,外套,大衣,760.0,1,760.0,100,363.09,华中,墨绿,L,C10494,47.78
DD100697,2024-07-12,7,上衣,衬衫,130.0,1,123.5,95,77.81,华东,酒红,L,C10308,63.0
DD101940,2024-12-18,12,裤装,西装裤,240.0,1,216.0,90,109.42,华中,藏青,S,C10321,50.66
DD100245,2024-04-27,4,裤装,休闲裤,190.0,2,361.0,95,188.6,华中,藏青,L,C10535,52.24
DD101787,2024-06-10,6,连衣裙,A字裙,470.0,2,940.0,100,511.59,华东,藏青,S,C10059,54.42
DD100477,2024-05-17,5,连衣裙,衬衫裙,220.0,1,187.0,85,107.91,华北,墨绿,XXL,C10540,57.71
DD102143,2024-10-17,10,上衣,卫衣,310.0,2,589.0,95,378.14,华东,酒红,S,C10233,64.2
DD101296,2024-12-02,12,上衣,卫衣,380.0,1,342.0,90,197.23,华北,墨绿,M,C10348,57.67
DD102298,2024-08-17,8,上衣,衬衫,140.0,1,133.0,95,86.42,西南,墨绿,S,C10415,64.98
DD102120,2024-12-23,12,连衣裙,衬衫裙,330.0,1,297.0,90,168.34,东北,藏青,S,C10315,56.68
DD101452,2024-01-24,1,连衣裙,吊带裙,430.0,4,1634.0,95,845.99,东北,米色,L,C10589,51.77
DD102456,2024-09-17,9,连衣裙,吊带裙,700.0,1,700.0,100,407.3,西南,米色,S,C10202,58.19
DD100251,2024-09-28,9,连衣裙,衬衫裙,660.0,1,594.0,90,302.8,华北,黑色,S,C10140,50.98
DD100414,2024-04-25,4,连衣裙,吊带裙,350.0,1,280.0,80,172.12,东北,墨绿,M,C10336,61.47
DD101843,2024-06-19,6,上衣,针织衫,300.0,1,180.0,60,103.53,华东,米色,M,C10501,57.52
DD101790,2024-03-19,3,连衣裙,A字裙,400.0,1,240.0,60,137.68,华中,墨绿,L,C10308,57.37
DD100311,2024-04-15,4,连衣裙,吊带裙,590.0,2,1180.0,100,577.28,华北,墨绿,S,C10138,48.92
DD100894,2024-10-20,10,上衣,衬衫,150.0,2,285.0,95,149.52,华中,墨绿,M,C10543,52.46
DD101132,2024-08-08,8,上衣,衬衫,150.0,2,300.0,100,192.28,华东,酒红,XXL,C10248,64.09
DD102521,2024-05-23,5,外套,风衣,1130.0,1,1073.5,95,454.98,华中,墨绿,L,C10564,42.38
DD100016,2024-06-18,6,外套,羽绒服,1300.0,3,3705.0,95,1517.55,华东,米色,L,C10207,40.96
DD101473,2024-06-19,6,外套,羽绒服,790.0,1,790.0,100,402.13,西南,黑色,XXL,C10497,50.9
DD100722,2024-02-03,2,裤装,西装裤,340.0,1,340.0,100,193.28,华中,藏青,L,C10485,56.85
DD102283,2024-03-20,3,上衣,衬衫,270.0,1,256.5,95,145.37,西南,酒红,XL,C10062,56.67
DD100982,2024-01-27,1,外套,夹克,1190.0,1,952.0,80,486.15,华北,灰色,XL,C10425,51.07
DD102195,2024-08-18,8,连衣裙,针织裙,390.0,1,370.5,95,183.2,西南,灰色,XS,C10564,49.45
DD102099,2024-06-03,6,连衣裙,吊带裙,380.0,1,380.0,100,220.45,东北,酒红,L,C10508,58.01
DD100364,2024-10-13,10,连衣裙,衬衫裙,380.0,1,380.0,100,202.2,华南,驼色,M,C10389,53.21
DD101509,2024-06-03,6,裤装,短裤,470.0,1,470.0,100,250.9,华北,藏青,XS,C10537,53.38
DD100183,2024-05-26,5,外套,风衣,410.0,1,369.0,90,165.39,华北,驼色,S,C10074,44.82
DD100986,2024-04-26,4,上衣,卫衣,210.0,1,147.0,70,82.03,华中,驼色,S,C10372,55.8
DD101504,2024-05-12,5,裤装,西装裤,380.0,3,1140.0,100,539.46,华中,黑色,M,C10302,47.32
DD101195,2024-08-23,8,上衣,卫衣,130.0,1,123.5,95,67.21,华东,驼色,XL,C10072,54.42
DD101442,2024-10-20,10,外套,羽绒服,440.0,3,1254.0,95,561.84,华北,驼色,L,C10031,44.8
DD101262,2024-07-27,7,上衣,衬衫,210.0,2,378.0,90,198.96,华中,米色,M,C10515,52.63
DD101122,2024-07-14,7,上衣,卫衣,210.0,1,210.0,100,125.44,华南,灰色,M,C10380,59.73
DD100188,2024-09-09,9,配饰,包包,290.0,1,290.0,100,183.78,西南,灰色,M,C10436,63.37
DD100620,2024-06-24,6,裤装,休闲裤,270.0,1,256.5,95,129.94,华北,灰色,M,C10542,50.66
DD101217,2024-07-23,7,裤装,短裤,180.0,1,153.0,85,80.55,西南,黑色,L,C10468,52.65
DD101176,2024-05-23,5,连衣裙,吊带裙,220.0,2,418.0,95,232.67,华南,灰色,M,C10039,55.66
DD101954,2024-01-13,1,上衣,T恤,360.0,1,216.0,60,138.63,西南,灰色,S,C10023,64.18
DD100615,2024-05-19,5,配饰,包包,290.0,2,522.0,90,356.6,东北,酒红,M,C10430,68.31
DD101624,2024-09-20,9,上衣,针织衫,260.0,1,234.0,90,125.74,华北,酒红,L,C10290,53.74
DD100995,2024-11-04,11,外套,大衣,370.0,2,629.0,85,272.64,华北,黑色,L,C10154,43.34
DD100935,2024-08-20,8,裤装,短裤,420.0,1,420.0,100,233.52,华东,驼色,M,C10347,55.6
DD100372,2024-10-15,10,连衣裙,A字裙,320.0,1,192.0,60,98.41,华南,灰色,M,C10314,51.26
DD101451,2024-04-21,4,上衣,T恤,350.0,2,700.0,100,409.36,西南,墨绿,M,C10386,58.48
DD100594,2024-02-20,2,上衣,T恤,170.0,2,340.0,100,214.19,华中,墨绿,M,C10051,63.0
DD100727,2024-03-08,3,裤装,西装裤,450.0,1,360.0,80,208.94,华东,米色,XS,C10414,58.04
DD102000,2024-08-21,8,连衣裙,针织裙,250.0,1,200.0,80,117.9,东北,黑色,M,C10117,58.95
DD100688,2024-08-13,8,外套,夹克,950.0,1,950.0,100,461.22,华中,藏青,M,C10392,48.55
DD101802,2024-08-19,8,裤装,牛仔裤,500.0,1,500.0,100,242.43,东北,驼色,M,C10140,48.49
DD100137,2024-07-07,7,连衣裙,针织裙,540.0,1,513.0,95,309.69,西南,白色,M,C10353,60.37
DD100629,2024-02-04,2,上衣,针织衫,290.0,1,290.0,100,175.27,华北,藏青,XL,C10066,60.44
DD100335,2024-11-11,11,连衣裙,吊带裙,220.0,1,209.0,95,120.82,华南,墨绿,XS,C10363,57.81
DD101603,2024-01-14,1,裤装,牛仔裤,260.0,1,234.0,90,112.66,华南,米色,L,C10344,48.15
DD101952,2024-04-27,4,裤装,牛仔裤,530.0,1,530.0,100,276.88,华北,白色,XXL,C10221,52.24
DD101110,2024-05-21,5,配饰,帽子,60.0,3,180.0,100,125.57,西南,灰色,L,C10249,69.76
DD102462,2024-03-19,3,上衣,衬衫,170.0,1,153.0,90,88.69,华东,酒红,M,C10342,57.97
DD101937,2024-09-25,9,裤装,短裤,520.0,1,520.0,100,260.26,西南,米色,L,C10278,50.05
DD100711,2024-05-23,5,外套,夹克,1150.0,2,2300.0,100,911.38,华中,酒红,S,C10491,39.63
DD101040,2024-04-08,4,裤装,西装裤,590.0,2,1180.0,100,619.43,华南,墨绿,XL,C10518,52.49
DD101419,2024-04-01,4,上衣,T恤,260.0,2,416.0,80,234.58,华南,驼色,M,C10338,56.39
DD101566,2024-08-03,8,配饰,腰带,230.0,1,218.5,95,138.41,东北,灰色,S,C10524,63.35
DD102395,2024-08-24,8,外套,夹克,920.0,1,828.0,90,389.35,华中,白色,XS,C10193,47.02
DD101113,2024-10-24,10,上衣,针织衫,160.0,1,144.0,90,87.35,西南,灰色,S,C10533,60.66
DD100466,2024-06-26,6,配饰,包包,110.0,1,110.0,100,66.37,华中,驼色,S,C10069,60.34
DD101224,2024-11-25,11,连衣裙,衬衫裙,250.0,1,250.0,100,144.18,华南,米色,L,C10260,57.67
DD102356,2024-09-26,9,上衣,T恤,350.0,1,350.0,100,224.52,华北,米色,L,C10583,64.15
DD102571,2024-02-04,2,外套,羽绒服,760.0,1,722.0,95,286.99,西南,灰色,L,C10269,39.75
DD102012,2024-09-07,9,上衣,卫衣,270.0,1,256.5,95,145.77,华南,灰色,M,C10537,56.83
DD101105,2024-04-04,4,裤装,休闲裤,270.0,1,270.0,100,124.79,东北,墨绿,XL,C10397,46.22
DD101503,2024-04-06,4,上衣,卫衣,220.0,1,220.0,100,122.63,华东,米色,S,C10481,55.74
DD100339,2024-05-17,5,连衣裙,针织裙,230.0,1,230.0,100,122.72,东北,灰色,M,C10533,53.36
DD102164,2024-10-08,10,外套,风衣,470.0,2,799.0,85,344.63,东北,藏青,XXL,C10218,43.13
DD102182,2024-10-07,10,连衣裙,针织裙,210.0,1,199.5,95,108.57,东北,黑色,L,C10473,54.42
DD101382,2024-08-23,8,配饰,围巾,130.0,1,130.0,100,94.62,西南,驼色,M,C10369,72.78
DD101269,2024-07-06,7,连衣裙,A字裙,330.0,1,330.0,100,169.19,华东,驼色,XXL,C10567,51.27
DD102189,2024-09-25,9,连衣裙,针织裙,420.0,1,420.0,100,203.94,华北,酒红,XS,C10188,48.56
DD100817,2024-04-10,4,裤装,休闲裤,540.0,1,513.0,95,299.06,西南,米色,L,C10469,58.3
DD101068,2024-05-09,5,外套,风衣,700.0,1,630.0,90,246.13,华中,墨绿,S,C10447,39.07
DD100275,2024-07-15,7,上衣,针织衫,220.0,1,198.0,90,113.57,华南,白色,M,C10092,57.36
DD101846,2024-09-03,9,裤装,休闲裤,420.0,1,399.0,95,191.47,华中,白色,XL,C10226,47.99
DD100866,2024-03-12,3,裤装,休闲裤,300.0,2,570.0,95,272.82,华北,酒红,M,C10064,47.86
DD100102,2024-08-14,8,外套,风衣,430.0,1,430.0,100,222.49,华北,米色,L,C10537,51.74
DD101673,2024-12-23,12,上衣,衬衫,180.0,1,180.0,100,110.83,华中,白色,M,C10471,61.57
DD100108,2024-09-11,9,上衣,针织衫,320.0,3,768.0,80,424.99,华东,黑色,S,C10045,55.34
DD102357,2024-04-16,4,配饰,帽子,80.0,1,80.0,100,53.04,华北,驼色,L,C10586,66.3
DD102589,2024-03-17,3,配饰,腰带,160.0,1,144.0,90,103.21,华南,驼色,L,C10087,71.67
DD101740,2024-06-19,6,裤装,牛仔裤,270.0,1,270.0,100,133.73,华南,黑色,L,C10366,49.53
DD101476,2024-03-12,3,连衣裙,吊带裙,340.0,2,340.0,50,187.35,华北,藏青,M,C10543,55.1
DD102510,2024-05-07,5,上衣,卫衣,110.0,1,104.5,95,63.48,华北,藏青,M,C10439,60.75
DD101651,2024-05-02,5,上衣,衬衫,340.0,2,476.0,70,266.57,华东,藏青,M,C10262,56.0
DD101861,2024-02-14,2,配饰,围巾,100.0,3,300.0,100,213.76,东北,藏青,M,C10100,71.25
DD102002,2024-05-20,5,裤装,休闲裤,520.0,2,988.0,95,457.4,华东,墨绿,XL,C10228,46.3
DD101518,2024-06-27,6,连衣裙,衬衫裙,610.0,1,579.5,95,361.86,华东,墨绿,M,C10375,62.44
DD101623,2024-06-10,6,上衣,卫衣,350.0,1,280.0,80,143.53,东北,米色,XL,C10101,51.26
DD100713,2024-09-10,9,连衣裙,衬衫裙,550.0,1,467.5,85,282.68,华中,墨绿,M,C10031,60.47
DD100073,2024-10-20,10,连衣裙,吊带裙,350.0,1,332.5,95,181.57,东北,灰色,XL,C10263,54.61
DD101996,2024-10-23,10,上衣,衬衫,260.0,1,260.0,100,158.92,华北,酒红,M,C10546,61.12
DD102502,2024-12-23,12,裤装,牛仔裤,570.0,2,1026.0,90,559.63,华东,白色,M,C10527,54.54
DD100482,2024-05-12,5,配饰,围巾,110.0,1,110.0,100,73.59,华北,藏青,M,C10537,66.9
DD102570,2024-04-12,4,裤装,短裤,440.0,4,1760.0,100,968.97,东北,黑色,M,C10599,55.06
DD101540,2024-03-26,3,连衣裙,衬衫裙,560.0,3,1596.0,95,853.64,华北,藏青,XXL,C10313,53.49
DD102566,2024-04-10,4,上衣,卫衣,100.0,1,100.0,100,58.78,华中,藏青,M,C10379,58.78
DD101172,2024-06-28,6,连衣裙,针织裙,540.0,3,1539.0,95,846.08,华中,白色,XXL,C10272,54.98
DD102126,2024-06-06,6,配饰,腰带,200.0,4,640.0,80,444.84,西南,米色,S,C10535,69.51
DD101555,2024-01-06,1,连衣裙,针织裙,580.0,1,580.0,100,350.89,华南,白色,S,C10427,60.5
DD100406,2024-09-01,9,连衣裙,衬衫裙,470.0,1,329.0,70,188.22,西南,米色,XL,C10537,57.21
DD100758,2024-05-11,5,裤装,牛仔裤,530.0,1,450.5,85,247.78,华东,米色,XS,C10408,55.0
DD101477,2024-06-18,6,上衣,卫衣,240.0,1,240.0,100,131.5,东北,驼色,M,C10060,54.79
DD102426,2024-11-05,11,上衣,T恤,290.0,1,290.0,100,157.56,东北,酒红,L,C10163,54.33
DD101415,2024-04-26,4,上衣,衬衫,370.0,1,314.5,85,183.69,西南,灰色,M,C10595,58.41
DD101919,2024-06-10,6,配饰,帽子,100.0,4,400.0,100,278.55,华中,藏青,L,C10379,69.64
DD102563,2024-07-11,7,上衣,针织衫,360.0,2,720.0,100,454.41,西南,驼色,S,C10261,63.11
DD100744,2024-11-18,11,连衣裙,吊带裙,510.0,1,510.0,100,312.11,华南,黑色,S,C10220,61.2
DD100807,2024-02-21,2,裤装,西装裤,310.0,1,310.0,100,180.32,东北,白色,M,C10530,58.17
DD102405,2024-04-17,4,上衣,针织衫,360.0,1,360.0,100,231.12,华东,灰色,S,C10055,64.2
DD101428,2024-10-04,10,配饰,包包,280.0,2,560.0,100,380.45,西南,驼色,XL,C10339,67.94
DD102167,2024-01-13,1,外套,羽绒服,580.0,1,580.0,100,250.91,华东,墨绿,M,C10466,43.26
DD101554,2024-11-08,11,连衣裙,衬衫裙,510.0,1,484.5,95,293.56,华中,墨绿,L,C10528,60.59
DD100149,2024-09-28,9,外套,羽绒服,920.0,1,782.0,85,345.82,华中,酒红,XS,C10464,44.22
DD101912,2024-04-15,4,连衣裙,针织裙,690.0,1,621.0,90,362.73,华南,酒红,L,C10578,58.41
DD101557,2024-05-01,5,裤装,西装裤,400.0,1,400.0,100,234.79,西南,藏青,XL,C10325,58.7
DD100693,2024-01-27,1,连衣裙,衬衫裙,200.0,1,200.0,100,98.38,华东,墨绿,M,C10252,49.19
DD100819,2024-11-15,11,连衣裙,A字裙,420.0,1,420.0,100,233.15,华东,米色,M,C10396,55.51
DD101906,2024-05-15,5,外套,羽绒服,1060.0,1,1060.0,100,430.31,华中,米色,XXL,C10401,40.6
DD101563,2024-11-09,11,上衣,针织衫,200.0,1,190.0,95,103.98,西南,白色,S,C10504,54.73
DD101860,2024-09-15,9,连衣裙,衬衫裙,640.0,1,608.0,95,371.06,华北,驼色,S,C10402,61.03
DD100702,2024-11-10,11,外套,风衣,1200.0,1,1200.0,100,510.25,华中,酒红,XL,C10565,42.52
DD102304,2024-05-07,5,连衣裙,A字裙,490.0,1,416.5,85,224.08,东北,藏青,XXL,C10060,53.8
DD100922,2024-03-18,3,上衣,卫衣,160.0,1,160.0,100,93.67,西南,藏青,M,C10004,58.54
DD100906,2024-03-08,3,连衣裙,衬衫裙,250.0,1,237.5,95,128.29,华南,驼色,M,C10488,54.02
DD100455,2024-05-20,5,上衣,针织衫,150.0,1,150.0,100,96.87,西南,灰色,M,C10026,64.58
DD101608,2024-11-16,11,连衣裙,衬衫裙,550.0,2,935.0,85,486.61,东北,墨绿,L,C10560,52.04
DD102024,2024-07-15,7,外套,风衣,990.0,2,1980.0,100,1015.13,东北,米色,S,C10240,51.27
DD102530,2024-05-06,5,裤装,短裤,470.0,1,470.0,100,271.08,华中,酒红,XXL,C10253,57.68
DD100168,2024-06-15,6,裤装,休闲裤,570.0,1,570.0,100,262.93,华中,藏青,XL,C10073,46.13
DD100731,2024-06-13,6,外套,大衣,660.0,1,660.0,100,291.94,华东,白色,M,C10000,44.23
DD101714,2024-07-07,7,裤装,休闲裤,260.0,2,520.0,100,249.69,西南,藏青,XL,C10375,48.02
DD101311,2024-06-10,6,连衣裙,衬衫裙,350.0,1,280.0,80,146.12,东北,藏青,S,C10216,52.19
DD100027,2024-01-26,1,裤装,牛仔裤,350.0,1,350.0,100,191.87,华东,墨绿,L,C10446,54.82
DD101458,2024-05-12,5,上衣,针织衫,150.0,2,300.0,100,178.39,东北,米色,L,C10193,59.46
DD102558,2024-02-23,2,连衣裙,A字裙,400.0,1,400.0,100,204.48,东北,酒红,S,C10046,51.12
DD100998,2024-07-03,7,配饰,包包,60.0,1,30.0,50,19.2,东北,墨绿,XL,C10574,64.0
DD101177,2024-04-26,4,裤装,牛仔裤,500.0,1,350.0,70,186.9,华南,灰色,XS,C10582,53.4
DD101041,2024-05-18,5,上衣,衬衫,90.0,1,85.5,95,44.91,华中,白色,XS,C10223,52.53
DD101761,2024-11-26,11,裤装,休闲裤,460.0,1,437.0,95,211.57,华南,灰色,L,C10140,48.41
DD101362,2024-06-18,6,上衣,衬衫,290.0,1,275.5,95,177.53,东北,墨绿,XL,C10137,64.44
DD102049,2024-10-06,10,上衣,针织衫,140.0,1,126.0,90,75.62,华中,驼色,L,C10091,60.02
DD100042,2024-08-09,8,连衣裙,针织裙,310.0,1,310.0,100,180.61,华东,黑色,M,C10460,58.26
DD102388,2024-02-20,2,连衣裙,针织裙,700.0,1,665.0,95,382.62,华南,米色,L,C10563,57.54
DD101766,2024-04-12,4,连衣裙,A字裙,410.0,2,820.0,100,409.4,西南,墨绿,XXL,C10351,49.93
DD101850,2024-04-22,4,上衣,针织衫,120.0,1,102.0,85,54.35,西南,米色,L,C10289,53.28
DD101855,2024-08-18,8,上衣,针织衫,160.0,1,128.0,80,75.28,华北,米色,M,C10528,58.81
DD101363,2024-09-12,9,连衣裙,针织裙,230.0,1,218.5,95,121.83,华中,酒红,M,C10408,55.76
DD100610,2024-10-04,10,连衣裙,衬衫裙,310.0,1,310.0,100,159.79,华南,灰色,S,C10168,51.55
DD101133,2024-09-11,9,连衣裙,衬衫裙,360.0,1,324.0,90,185.52,华南,酒红,XL,C10235,57.26
DD100029,2024-09-23,9,上衣,衬衫,200.0,1,190.0,95,120.7,西南,白色,M,C10441,63.53
DD100442,2024-05-29,5,裤装,牛仔裤,410.0,1,410.0,100,218.15,西南,黑色,M,C10198,53.21
DD101749,2024-03-18,3,外套,大衣,1050.0,3,3150.0,100,1606.05,华东,米色,L,C10326,50.99
DD101715,2024-10-12,10,裤装,牛仔裤,330.0,1,297.0,90,147.07,东北,墨绿,S,C10284,49.52
DD100494,2024-10-26,10,外套,大衣,1190.0,1,1130.5,95,492.42,华中,藏青,S,C10557,43.56
DD101259,2024-07-18,7,连衣裙,针织裙,200.0,1,200.0,100,121.37,华北,驼色,L,C10033,60.68
DD101302,2024-06-15,6,裤装,牛仔裤,450.0,1,450.0,100,217.57,东北,米色,M,C10201,48.35
DD102555,2024-02-27,2,外套,风衣,1240.0,1,1178.0,95,480.31,东北,白色,M,C10179,40.77
DD101305,2024-09-26,9,上衣,针织衫,360.0,1,342.0,95,197.9,华东,白色,M,C10348,57.87
DD100237,2024-08-18,8,配饰,腰带,290.0,1,290.0,100,195.86,东北,灰色,XS,C10389,67.54
DD100552,2024-09-06,9,配饰,包包,160.0,3,432.0,90,263.56,西南,米色,S,C10076,61.01
DD100521,2024-03-08,3,上衣,卫衣,250.0,1,250.0,100,135.8,东北,酒红,S,C10479,54.32
DD101805,2024-04-22,4,连衣裙,针织裙,680.0,1,408.0,60,220.46,华中,驼色,XL,C10232,54.03
DD101233,2024-07-09,7,连衣裙,针织裙,640.0,1,576.0,90,344.9,华东,酒红,S,C10098,59.88
DD101139,2024-04-19,4,上衣,衬衫,350.0,1,350.0,100,206.75,华东,黑色,XXL,C10593,59.07
DD100721,2024-05-15,5,配饰,腰带,170.0,1,153.0,90,110.37,华东,米色,XL,C10148,72.14
DD100736,2024-02-10,2,裤装,西装裤,360.0,1,342.0,95,163.68,西南,酒红,XXL,C10334,47.86
DD102305,2024-09-12,9,上衣,衬衫,350.0,1,332.5,95,177.08,华东,酒红,M,C10352,53.26
DD100059,2024-06-19,6,裤装,短裤,470.0,1,470.0,100,237.94,华中,米色,L,C10009,50.63
DD100632,2024-10-17,10,连衣裙,A字裙,220.0,2,418.0,95,205.68,华北,灰色,L,C10324,49.21
DD101182,2024-05-04,5,上衣,针织衫,260.0,1,260.0,100,139.5,华北,米色,L,C10295,53.65
DD101784,2024-03-16,3,裤装,牛仔裤,190.0,1,190.0,100,104.2,华东,酒红,M,C10105,54.84
DD100593,2024-06-10,6,上衣,T恤,340.0,1,306.0,90,186.04,华北,黑色,M,C10270,60.8
DD101304,2024-08-28,8,裤装,短裤,280.0,1,168.0,60,84.14,华东,墨绿,S,C10143,50.08
DD102269,2024-10-10,10,裤装,西装裤,300.0,1,270.0,90,137.24,东北,藏青,XS,C10500,50.83
DD100940,2024-01-05,1,上衣,T恤,140.0,2,280.0,100,145.57,西南,酒红,M,C10306,51.99
DD102423,2024-04-04,4,外套,夹克,1060.0,1,1060.0,100,509.01,东北,米色,M,C10268,48.02
DD101250,2024-08-24,8,上衣,卫衣,150.0,2,300.0,100,190.06,华东,酒红,XL,C10495,63.35
DD100905,2024-02-04,2,配饰,腰带,90.0,2,153.0,85,93.31,西南,灰色,M,C10473,60.99
DD101280,2024-04-12,4,上衣,针织衫,310.0,4,1116.0,90,663.64,华东,酒红,XS,C10145,59.47
DD102080,2024-11-24,11,外套,风衣,1050.0,1,1050.0,100,472.26,华中,米色,M,C10018,44.98
DD102496,2024-04-16,4,连衣裙,A字裙,210.0,2,378.0,90,222.34,华东,驼色,M,C10241,58.82
DD101675,2024-07-21,7,连衣裙,衬衫裙,410.0,1,328.0,80,179.43,华南,藏青,M,C10465,54.7
DD102124,2024-10-05,10,连衣裙,吊带裙,490.0,1,416.5,85,235.18,西南,灰色,L,C10076,56.47
DD102015,2024-05-08,5,连衣裙,衬衫裙,300.0,2,600.0,100,329.47,华北,墨绿,M,C10488,54.91
DD102557,2024-04-19,4,外套,风衣,680.0,1,680.0,100,289.36,东北,藏青,S,C10356,42.55
DD100707,2024-10-02,10,外套,风衣,1130.0,1,960.5,85,434.9,东北,米色,M,C10180,45.28
DD101023,2024-11-28,11,连衣裙,吊带裙,370.0,1,370.0,100,222.88,西南,白色,XL,C10128,60.24
DD100746,2024-01-12,1,上衣,针织衫,180.0,1,162.0,90,99.69,华中,墨绿,XXL,C10215,61.54
DD101986,2024-12-26,12,配饰,围巾,260.0,1,247.0,95,166.14,华中,白色,M,C10210,67.26
DD101547,2024-06-23,6,连衣裙,A字裙,310.0,1,294.5,95,156.9,华南,驼色,XXL,C10256,53.28
DD100514,2024-07-26,7,外套,羽绒服,540.0,2,1080.0,100,533.77,华东,墨绿,L,C10015,49.42
DD100082,2024-05-10,5,裤装,牛仔裤,320.0,1,320.0,100,163.87,东北,灰色,L,C10288,51.21
DD102309,2024-11-25,11,上衣,衬衫,350.0,1,332.5,95,196.74,华南,灰色,XL,C10214,59.17
DD101309,2024-10-10,10,连衣裙,针织裙,370.0,1,351.5,95,206.9,西南,灰色,M,C10263,58.86
DD100915,2024-09-12,9,裤装,休闲裤,320.0,1,320.0,100,146.43,华中,酒红,M,C10515,45.76
DD102398,2024-04-25,4,外套,羽绒服,1080.0,1,1026.0,95,453.65,华南,驼色,M,C10071,44.22
DD101972,2024-04-12,4,裤装,西装裤,590.0,2,1180.0,100,661.93,东北,灰色,L,C10360,56.1
DD100151,2024-11-09,11,上衣,衬衫,290.0,2,493.0,85,321.28,华南,白色,M,C10231,65.17
DD100775,2024-06-15,6,裤装,短裤,450.0,1,450.0,100,248.44,东北,白色,XXL,C10205,55.21
DD100330,2024-03-06,3,上衣,衬衫,260.0,2,520.0,100,308.5,华南,白色,M,C10456,59.33
DD100007,2024-11-26,11,裤装,牛仔裤,560.0,2,1120.0,100,645.65,东北,墨绿,L,C10546,57.65
DD100944,2024-01-04,1,配饰,围巾,60.0,1,48.0,80,35.21,东北,灰色,L,C10050,73.35
DD101730,2024-07-21,7,外套,羽绒服,680.0,1,646.0,95,293.66,华南,米色,XL,C10407,45.46
DD100735,2024-05-23,5,上衣,卫衣,180.0,1,171.0,95,109.97,华南,米色,M,C10341,64.31
DD100910,2024-09-16,9,裤装,休闲裤,490.0,1,490.0,100,261.57,东北,墨绿,XXL,C10103,53.38
DD100469,2024-02-23,2,裤装,短裤,220.0,1,209.0,95,112.92,华南,墨绿,M,C10558,54.03
DD100182,2024-03-10,3,上衣,针织衫,260.0,1,260.0,100,151.87,西南,黑色,M,C10225,58.41
DD100165,2024-10-19,10,裤装,短裤,190.0,1,190.0,100,90.58,西南,墨绿,L,C10349,47.67
DD100452,2024-08-24,8,外套,夹克,910.0,2,1638.0,90,836.77,东北,藏青,L,C10422,51.08
DD100491,2024-07-18,7,连衣裙,吊带裙,610.0,1,610.0,100,339.2,东北,藏青,M,C10140,55.61
DD101514,2024-10-19,10,外套,大衣,460.0,1,368.0,80,154.36,华东,藏青,L,C10215,41.95
DD101144,2024-10-20,10,外套,大衣,430.0,2,688.0,80,331.21,西南,白色,L,C10282,48.14
DD101312,2024-07-09,7,外套,羽绒服,1290.0,1,1096.5,85,500.6,西南,白色,L,C10274,45.65
DD102284,2024-04-10,4,裤装,短裤,550.0,1,550.0,100,315.78,华南,黑色,XL,C10094,57.41
DD101112,2024-07-26,7,裤装,牛仔裤,250.0,1,212.5,85,106.88,华南,藏青,L,C10145,50.3
DD102478,2024-07-09,7,连衣裙,衬衫裙,640.0,1,640.0,100,387.26,西南,黑色,XXL,C10229,60.51
DD101423,2024-05-09,5,外套,羽绒服,310.0,1,310.0,100,135.67,东北,墨绿,L,C10251,43.76
DD101610,2024-05-20,5,裤装,牛仔裤,200.0,2,380.0,95,177.9,西南,米色,M,C10275,46.82
DD101859,2024-05-18,5,上衣,T恤,270.0,1,216.0,80,121.05,华东,灰色,S,C10435,56.04
DD102100,2024-03-07,3,外套,大衣,1150.0,1,1035.0,90,430.59,华中,米色,M,C10496,41.6
DD101640,2024-09-14,9,裤装,牛仔裤,420.0,1,336.0,80,169.01,西南,灰色,M,C10372,50.3
DD102008,2024-06-07,6,配饰,围巾,50.0,1,47.5,95,28.6,西南,灰色,XXL,C10041,60.21
DD102001,2024-05-03,5,上衣,针织衫,260.0,1,247.0,95,151.92,华中,驼色,XXL,C10266,61.51
DD101944,2024-05-12,5,裤装,牛仔裤,250.0,3,750.0,100,404.64,西南,米色,M,C10527,53.95
DD100328,2024-01-14,1,连衣裙,针织裙,280.0,2,532.0,95,311.14,华北,驼色,XXL,C10556,58.48
DD100443,2024-08-24,8,连衣裙,A字裙,220.0,1,132.0,60,73.95,华东,藏青,M,C10366,56.02
DD102477,2024-08-26,8,连衣裙,针织裙,500.0,1,500.0,100,295.65,华中,白色,L,C10387,59.13
DD102440,2024-05-13,5,裤装,短裤,220.0,3,660.0,100,347.45,华中,酒红,XL,C10346,52.64
DD100833,2024-05-17,5,裤装,短裤,320.0,1,304.0,95,148.0,华中,藏青,L,C10046,48.68
DD102055,2024-11-03,11,上衣,卫衣,370.0,1,222.0,60,130.56,华北,酒红,S,C10208,58.81
DD101642,2024-06-13,6,上衣,T恤,310.0,1,310.0,100,199.07,华南,白色,M,C10223,64.22
DD101202,2024-08-23,8,上衣,衬衫,190.0,1,180.5,95,111.65,华东,米色,L,C10265,61.86
DD101421,2024-07-20,7,外套,风衣,750.0,1,712.5,95,345.45,西南,白色,XXL,C10369,48.48
DD100087,2024-02-29,2,上衣,卫衣,340.0,1,340.0,100,202.35,华东,灰色,L,C10187,59.51
DD101404,2024-07-05,7,裤装,牛仔裤,590.0,1,590.0,100,348.78,东北,墨绿,M,C10591,59.12
DD102539,2024-05-10,5,裤装,休闲裤,240.0,1,228.0,95,106.04,华中,黑色,S,C10021,46.51
DD100778,2024-12-17,12,连衣裙,A字裙,670.0,2,1139.0,85,678.51,西南,墨绿,L,C10585,59.57
DD101619,2024-11-18,11,连衣裙,针织裙,670.0,1,636.5,95,346.21,华中,灰色,L,C10592,54.39
DD100055,2024-02-12,2,上衣,针织衫,370.0,1,333.0,90,183.97,西南,驼色,L,C10368,55.25
DD102035,2024-03-05,3,连衣裙,衬衫裙,220.0,1,220.0,100,133.74,华东,白色,M,C10369,60.79
DD101288,2024-02-28,2,上衣,卫衣,210.0,1,210.0,100,133.96,华南,灰色,M,C10462,63.79
DD101829,2024-09-13,9,裤装,休闲裤,320.0,1,304.0,95,139.07,西南,黑色,M,C10276,45.75
DD101709,2024-10-03,10,配饰,帽子,180.0,1,153.0,85,97.68,西南,墨绿,M,C10454,63.84
DD101246,2024-02-10,2,配饰,腰带,160.0,1,160.0,100,98.21,东北,墨绿,L,C10427,61.38
DD100114,2024-01-03,1,连衣裙,吊带裙,430.0,2,774.0,90,403.01,西南,藏青,M,C10531,52.07
DD102439,2024-05-28,5,外套,羽绒服,930.0,1,930.0,100,401.09,华东,驼色,M,C10117,43.13
DD100988,2024-12-17,12,连衣裙,A字裙,410.0,1,410.0,100,222.97,华中,白色,XL,C10350,54.38
DD102045,2024-10-19,10,裤装,休闲裤,390.0,2,741.0,95,369.66,华东,黑色,M,C10483,49.89
DD102287,2024-07-13,7,裤装,牛仔裤,470.0,3,1410.0,100,670.07,东北,米色,M,C10346,47.52
DD101010,2024-04-27,4,上衣,衬衫,170.0,1,170.0,100,109.57,东北,藏青,S,C10469,64.45
DD101199,2024-06-12,6,连衣裙,吊带裙,250.0,1,250.0,100,127.23,华中,墨绿,M,C10528,50.89
DD101395,2024-12-29,12,连衣裙,衬衫裙,210.0,1,210.0,100,123.05,华中,藏青,M,C10312,58.6
DD100590,2024-11-20,11,上衣,针织衫,220.0,1,176.0,80,96.27,西南,白色,L,C10229,54.7
DD100769,2024-09-16,9,上衣,衬衫,320.0,1,272.0,85,153.53,西南,白色,S,C10393,56.44
DD100018,2024-08-09,8,上衣,针织衫,90.0,1,90.0,100,54.0,华北,黑色,M,C10459,60.0
DD101043,2024-08-21,8,连衣裙,衬衫裙,690.0,1,586.5,85,282.2,华南,墨绿,L,C10219,48.12
DD102135,2024-02-11,2,上衣,针织衫,170.0,1,153.0,90,86.37,东北,白色,XXL,C10524,56.45
DD100286,2024-10-22,10,上衣,T恤,180.0,1,153.0,85,97.69,西南,墨绿,XL,C10339,63.85
DD100429,2024-01-19,1,外套,大衣,1040.0,1,1040.0,100,403.56,华中,黑色,M,C10442,38.8
DD101329,2024-09-17,9,连衣裙,A字裙,570.0,1,570.0,100,301.01,华北,黑色,M,C10083,52.81
DD102222,2024-01-20,1,配饰,腰带,70.0,1,59.5,85,39.24,华南,黑色,S,C10338,65.95
DD100670,2024-05-17,5,上衣,针织衫,300.0,1,300.0,100,169.01,华东,酒红,M,C10428,56.34
DD100032,2024-08-04,8,上衣,衬衫,180.0,1,162.0,90,91.03,西南,黑色,XL,C10393,56.19
DD101342,2024-10-07,10,连衣裙,针织裙,640.0,1,640.0,100,387.77,华北,灰色,M,C10135,60.59
DD100723,2024-07-05,7,外套,夹克,1110.0,2,1887.0,85,916.9,华中,酒红,M,C10560,48.59
DD100952,2024-12-09,12,外套,羽绒服,880.0,1,704.0,80,313.2,华北,黑色,M,C10029,44.49
DD101914,2024-03-05,3,配饰,帽子,240.0,1,240.0,100,148.15,西南,白色,XXL,C10379,61.73
DD100215,2024-10-05,10,连衣裙,A字裙,300.0,4,1200.0,100,754.05,西南,黑色,L,C10548,62.84
DD101941,2024-09-12,9,上衣,卫衣,300.0,1,180.0,60,96.35,东北,白色,XL,C10118,53.53
DD101165,2024-10-14,10,配饰,包包,110.0,1,66.0,60,42.71,东北,驼色,M,C10125,64.71
DD100327,2024-08-19,8,连衣裙,针织裙,330.0,1,330.0,100,183.48,东北,酒红,S,C10186,55.6
DD100561,2024-05-24,5,上衣,衬衫,260.0,2,520.0,100,282.98,华南,白色,L,C10291,54.42
DD101384,2024-10-18,10,上衣,衬衫,350.0,1,350.0,100,209.87,华南,墨绿,M,C10563,59.96
DD101087,2024-03-24,3,上衣,针织衫,320.0,1,272.0,85,166.69,华东,黑色,S,C10475,61.28
DD102400,2024-05-12,5,上衣,T恤,240.0,1,240.0,100,138.8,西南,米色,M,C10488,57.83
DD100342,2024-09-28,9,上衣,T恤,220.0,1,209.0,95,115.66,华中,驼色,L,C10128,55.34
DD100148,2024-08-05,8,外套,大衣,820.0,1,820.0,100,369.63,华南,灰色,M,C10245,45.08
DD101998,2024-11-03,11,上衣,衬衫,190.0,1,171.0,90,106.68,东北,藏青,L,C10462,62.39
DD102504,2024-09-08,9,连衣裙,针织裙,210.0,1,199.5,95,115.68,华南,黑色,M,C10380,57.98
DD101108,2024-07-04,7,连衣裙,吊带裙,420.0,1,399.0,95,227.71,华北,驼色,L,C10354,57.07
DD100849,2024-08-22,8,连衣裙,针织裙,450.0,3,1282.5,95,614.98,华北,米色,M,C10285,47.95
DD100967,2024-05-01,5,裤装,牛仔裤,460.0,1,437.0,95,243.02,华中,白色,XXL,C10245,55.61
DD101073,2024-09-18,9,配饰,包包,230.0,1,230.0,100,143.7,华北,墨绿,XS,C10575,62.48
DD100156,2024-07-17,7,连衣裙,A字裙,260.0,1,208.0,80,122.64,华北,灰色,M,C10413,58.96
DD101806,2024-05-13,5,裤装,牛仔裤,450.0,1,405.0,90,206.61,东北,驼色,L,C10434,51.01
DD101743,2024-02-11,2,上衣,T恤,320.0,1,288.0,90,179.81,华中,驼色,M,C10484,62.43
DD101003,2024-07-12,7,连衣裙,针织裙,340.0,1,289.0,85,151.33,华东,墨绿,XXL,C10259,52.36
DD102003,2024-12-20,12,裤装,短裤,490.0,1,416.5,85,200.58,华北,米色,M,C10536,48.16
DD102503,2024-05-03,5,上衣,T恤,370.0,1,314.5,85,187.6,西南,黑色,XL,C10110,59.65
DD102303,2024-05-12,5,外套,风衣,1000.0,1,1000.0,100,422.76,华中,黑色,L,C10301,42.28
DD102377,2024-06-08,6,外套,夹克,420.0,1,420.0,100,177.21,东北,藏青,L,C10246,42.19
DD102541,2024-10-07,10,上衣,T恤,140.0,1,133.0,95,85.69,华南,驼色,M,C10274,64.43
DD101204,2024-10-25,10,上衣,针织衫,350.0,2,560.0,80,337.56,华南,墨绿,S,C10487,60.28
DD101772,2024-06-21,6,外套,夹克,580.0,1,551.0,95,234.77,东北,墨绿,S,C10150,42.61
DD102443,2024-04-12,4,连衣裙,A字裙,380.0,1,361.0,95,196.34,东北,灰色,XL,C10569,54.39
DD101510,2024-04-23,4,配饰,包包,150.0,1,135.0,90,86.1,华南,灰色,M,C10476,63.78
DD101602,2024-02-21,2,外套,风衣,1200.0,1,1080.0,90,485.53,华北,白色,XL,C10066,44.96
DD101939,2024-10-15,10,裤装,西装裤,270.0,2,513.0,95,229.14,华北,墨绿,S,C10513,44.67
DD100876,2024-10-18,10,连衣裙,吊带裙,640.0,1,640.0,100,352.06,华东,驼色,M,C10167,55.01
DD102508,2024-07-03,7,上衣,卫衣,130.0,1,130.0,100,80.8,东北,米色,XL,C10123,62.15
DD100939,2024-12-15,12,连衣裙,衬衫裙,380.0,3,1140.0,100,635.77,西南,白色,XL,C10335,55.77
DD102339,2024-08-25,8,上衣,卫衣,330.0,1,297.0,90,185.03,华中,驼色,XL,C10320,62.3
DD100347,2024-08-05,8,裤装,牛仔裤,290.0,1,203.0,70,115.05,西南,藏青,L,C10279,56.67
DD102175,2024-03-27,3,连衣裙,衬衫裙,680.0,1,680.0,100,397.14,华北,灰色,XL,C10565,58.4
DD102575,2024-01-28,1,连衣裙,A字裙,340.0,1,272.0,80,133.23,华南,米色,L,C10548,48.98
DD101539,2024-02-02,2,上衣,衬衫,370.0,1,370.0,100,193.71,华中,黑色,S,C10395,52.35
DD100386,2024-04-10,4,连衣裙,衬衫裙,300.0,1,300.0,100,153.08,华南,灰色,M,C10486,51.03
DD101819,2024-09-12,9,连衣裙,吊带裙,670.0,1,670.0,100,355.36,西南,白色,XL,C10270,53.04
DD101880,2024-05-09,5,连衣裙,衬衫裙,310.0,1,310.0,100,169.39,华北,酒红,XS,C10023,54.64
DD100244,2024-11-26,11,上衣,针织衫,220.0,1,209.0,95,125.23,华中,墨绿,S,C10146,59.92
DD101616,2024-11-26,11,连衣裙,衬衫裙,350.0,1,350.0,100,180.09,西南,墨绿,M,C10315,51.45
DD100937,2024-07-06,7,上衣,针织衫,170.0,1,144.5,85,76.67,东北,墨绿,L,C10035,53.06
DD102457,2024-08-24,8,上衣,卫衣,340.0,1,272.0,80,174.47,华北,黑色,S,C10163,64.14
DD100313,2024-05-17,5,上衣,针织衫,390.0,1,312.0,80,192.55,华北,墨绿,M,C10549,61.71
DD101460,2024-05-08,5,连衣裙,吊带裙,570.0,1,513.0,90,276.78,华南,灰色,S,C10191,53.95
DD102538,2024-01-18,1,配饰,围巾,230.0,2,414.0,90,276.45,华北,灰色,S,C10389,66.78
DD102171,2024-06-06,6,上衣,T恤,380.0,1,323.0,85,191.79,华南,驼色,S,C10466,59.38
DD101333,2024-08-21,8,上衣,卫衣,370.0,1,333.0,90,186.34,东北,驼色,XL,C10345,55.96
DD100969,2024-01-18,1,上衣,卫衣,170.0,1,161.5,95,96.02,西南,藏青,M,C10076,59.46
DD101455,2024-04-16,4,裤装,短裤,570.0,1,570.0,100,316.48,华中,黑色,M,C10068,55.52
DD100661,2024-01-24,1,连衣裙,A字裙,690.0,1,690.0,100,410.21,东北,白色,M,C10376,59.45
DD100936,2024-01-16,1,外套,大衣,520.0,1,520.0,100,251.81,华中,藏青,XXL,C10217,48.42
DD100371,2024-11-08,11,配饰,围巾,250.0,2,475.0,95,323.68,东北,墨绿,M,C10305,68.14
DD100567,2024-10-11,10,上衣,卫衣,220.0,1,220.0,100,128.86,华东,墨绿,L,C10105,58.57
DD101025,2024-06-03,6,外套,夹克,630.0,1,630.0,100,275.52,东北,白色,L,C10184,43.73
DD100825,2024-06-14,6,裤装,休闲裤,260.0,1,260.0,100,120.94,华东,酒红,XXL,C10392,46.52
DD100983,2024-05-24,5,连衣裙,A字裙,360.0,1,288.0,80,171.44,华东,藏青,XL,C10441,59.53
DD102103,2024-04-19,4,外套,羽绒服,380.0,1,380.0,100,189.38,华东,驼色,M,C10376,49.84
DD101593,2024-07-05,7,裤装,牛仔裤,380.0,1,380.0,100,219.22,华南,藏青,XXL,C10447,57.69
DD102240,2024-08-24,8,连衣裙,吊带裙,510.0,1,510.0,100,302.11,华南,藏青,XS,C10033,59.24
DD101851,2024-08-13,8,连衣裙,A字裙,460.0,2,874.0,95,424.73,西南,墨绿,M,C10267,48.6
DD100814,2024-05-05,5,上衣,T恤,270.0,2,540.0,100,332.18,华中,白色,S,C10556,61.51
DD101431,2024-02-23,2,上衣,针织衫,270.0,1,216.0,80,140.28,华南,米色,S,C10358,64.94
DD100779,2024-03-25,3,配饰,包包,280.0,1,266.0,95,169.43,西南,灰色,XXL,C10488,63.7
DD101321,2024-05-12,5,外套,风衣,1180.0,2,2360.0,100,1086.48,华中,米色,L,C10269,46.04
DD101646,2024-11-10,11,连衣裙,衬衫裙,300.0,1,300.0,100,160.73,东北,白色,L,C10491,53.58
DD102491,2024-10-13,10,裤装,西装裤,360.0,1,360.0,100,191.23,华北,灰色,L,C10409,53.12
DD101053,2024-12-27,12,上衣,针织衫,340.0,1,306.0,90,182.37,华东,米色,M,C10331,59.6
DD101967,2024-12-10,12,连衣裙,A字裙,250.0,1,250.0,100,123.86,华南,藏青,L,C10544,49.54
DD101014,2024-05-06,5,连衣裙,A字裙,250.0,1,175.0,70,104.26,东北,墨绿,XXL,C10029,59.58
DD101402,2024-04-17,4,连衣裙,吊带裙,680.0,1,680.0,100,408.55,华中,黑色,S,C10239,60.08
DD102237,2024-06-27,6,上衣,针织衫,170.0,1,170.0,100,96.13,华北,灰色,M,C10239,56.55
DD102162,2024-06-18,6,上衣,T恤,290.0,1,261.0,90,153.73,华南,藏青,M,C10048,58.9
DD101903,2024-05-06,5,连衣裙,衬衫裙,210.0,1,147.0,70,83.28,华中,酒红,XL,C10532,56.65
DD100127,2024-08-25,8,裤装,西装裤,260.0,1,260.0,100,148.82,东北,灰色,L,C10002,57.24
DD100888,2024-02-09,2,连衣裙,衬衫裙,610.0,1,610.0,100,367.69,华中,米色,L,C10505,60.28
DD102130,2024-06-17,6,连衣裙,衬衫裙,330.0,1,231.0,70,111.67,华北,藏青,S,C10497,48.34
DD101348,2024-03-02,3,外套,夹克,670.0,1,670.0,100,269.9,华中,酒红,S,C10565,40.28
DD101008,2024-07-24,7,外套,风衣,1030.0,1,1030.0,100,519.06,华中,白色,M,C10439,50.39
DD100356,2024-08-18,8,上衣,卫衣,390.0,1,390.0,100,255.4,华北,灰色,L,C10274,65.49
DD101004,2024-08-28,8,外套,羽绒服,770.0,1,770.0,100,380.4,华东,驼色,M,C10481,49.4
DD101484,2024-08-12,8,上衣,衬衫,310.0,2,496.0,80,289.95,华北,藏青,M,C10240,58.46
DD100683,2024-03-05,3,上衣,针织衫,90.0,1,76.5,85,48.62,华北,白色,L,C10577,63.56
DD100828,2024-01-01,1,连衣裙,衬衫裙,240.0,1,228.0,95,139.17,西南,灰色,XL,C10260,61.04
DD101614,2024-06-08,6,连衣裙,衬衫裙,380.0,1,342.0,90,202.01,华北,白色,M,C10236,59.07
DD100985,2024-08-14,8,外套,羽绒服,700.0,4,2380.0,85,1074.89,华南,驼色,M,C10585,45.16
DD101234,2024-02-19,2,上衣,T恤,220.0,1,220.0,100,116.0,华南,灰色,M,C10267,52.73
DD102212,2024-04-15,4,上衣,T恤,370.0,1,296.0,80,163.38,华东,藏青,M,C10235,55.2
DD100141,2024-07-13,7,上衣,T恤,210.0,1,199.5,95,114.79,华北,驼色,XXL,C10100,57.54
DD100218,2024-03-26,3,裤装,短裤,450.0,1,382.5,85,206.19,东北,驼色,XXL,C10230,53.91
DD102137,2024-05-19,5,裤装,短裤,590.0,1,590.0,100,342.42,华南,酒红,L,C10401,58.04
DD101964,2024-12-29,12,连衣裙,吊带裙,620.0,1,620.0,100,340.01,华北,墨绿,XXL,C10096,54.84
DD102312,2024-06-13,6,裤装,西装裤,570.0,2,912.0,80,418.26,东北,酒红,XS,C10042,45.86
DD101845,2024-07-04,7,配饰,帽子,150.0,1,150.0,100,103.56,华北,驼色,L,C10405,69.04
DD101660,2024-01-22,1,连衣裙,衬衫裙,670.0,1,670.0,100,361.73,华中,白色,M,C10199,53.99
DD100023,2024-10-04,10,上衣,衬衫,360.0,2,684.0,95,397.3,华东,墨绿,L,C10399,58.08
DD100712,2024-05-14,5,上衣,T恤,330.0,1,231.0,70,125.91,华北,墨绿,L,C10025,54.51
DD101158,2024-11-13,11,上衣,衬衫,150.0,1,142.5,95,79.55,华南,墨绿,M,C10244,55.82
DD101591,2024-03-05,3,配饰,包包,270.0,1,256.5,95,185.8,华南,黑色,S,C10124,72.44
DD100872,2024-03-08,3,外套,风衣,1040.0,2,2080.0,100,998.05,华中,灰色,XS,C10306,47.98
DD101583,2024-05-28,5,上衣,卫衣,320.0,1,288.0,90,156.42,华北,驼色,XL,C10360,54.31
DD100011,2024-07-05,7,连衣裙,针织裙,260.0,1,182.0,70,104.18,华东,藏青,M,C10496,57.24
DD101889,2024-09-25,9,连衣裙,针织裙,290.0,3,870.0,100,501.22,西南,藏青,L,C10409,57.61
DD102454,2024-02-16,2,连衣裙,针织裙,510.0,1,484.5,95,237.12,西南,米色,XXL,C10007,48.94
DD101838,2024-09-04,9,裤装,短裤,250.0,1,237.5,95,117.26,华东,灰色,M,C10327,49.37
DD101316,2024-04-06,4,配饰,腰带,120.0,1,114.0,95,70.6,华中,米色,S,C10161,61.93
DD100755,2024-09-12,9,外套,羽绒服,340.0,1,289.0,85,142.1,东北,灰色,XL,C10490,49.17
DD100627,2024-02-14,2,裤装,牛仔裤,370.0,1,351.5,95,182.22,华东,黑色,S,C10310,51.84
DD101918,2024-04-05,4,上衣,T恤,180.0,1,171.0,95,102.86,东北,驼色,L,C10317,60.15
DD102546,2024-02-15,2,裤装,牛仔裤,380.0,2,760.0,100,357.02,华中,米色,M,C10446,46.98
DD100130,2024-03-14,3,配饰,帽子,200.0,1,180.0,90,110.37,华南,藏青,L,C10001,61.32
DD100844,2024-02-13,2,上衣,衬衫,390.0,1,390.0,100,246.18,华中,灰色,XXL,C10470,63.12
DD100324,2024-11-04,11,上衣,衬衫,150.0,1,142.5,95,78.02,华中,墨绿,XXL,C10005,54.75
DD101836,2024-08-25,8,裤装,休闲裤,240.0,1,240.0,100,109.27,华东,墨绿,XXL,C10197,45.53
DD102190,2024-04-07,4,连衣裙,吊带裙,290.0,2,551.0,95,274.82,华东,米色,XXL,C10328,49.88
DD101285,2024-04-23,4,上衣,T恤,250.0,1,250.0,100,148.62,华东,驼色,XL,C10194,59.45
DD102520,2024-08-20,8,上衣,卫衣,340.0,1,340.0,100,177.58,华中,灰色,XS,C10133,52.23
DD100015,2024-03-03,3,上衣,针织衫,380.0,1,380.0,100,238.45,东北,白色,M,C10143,62.75
DD100948,2024-12-07,12,裤装,休闲裤,350.0,1,350.0,100,158.05,西南,藏青,XS,C10436,45.16
DD100216,2024-09-11,9,连衣裙,针织裙,640.0,1,640.0,100,356.11,东北,墨绿,L,C10357,55.64
DD101764,2024-07-19,7,外套,夹克,630.0,1,535.5,85,256.17,华南,黑色,L,C10587,47.84
DD102329,2024-07-27,7,外套,风衣,920.0,1,920.0,100,459.32,华北,墨绿,M,C10239,49.93
DD101183,2024-01-25,1,外套,大衣,1020.0,1,612.0,60,236.71,华中,灰色,M,C10333,38.68
DD101791,2024-07-03,7,上衣,针织衫,310.0,4,1240.0,100,817.38,华中,驼色,L,C10244,65.92
DD101695,2024-10-20,10,上衣,衬衫,240.0,1,240.0,100,148.72,东北,墨绿,M,C10380,61.97
DD100865,2024-05-01,5,裤装,牛仔裤,200.0,1,180.0,90,84.01,东北,酒红,L,C10232,46.67
DD100517,2024-04-18,4,上衣,针织衫,240.0,1,240.0,100,124.32,华东,米色,XXL,C10337,51.8
DD101546,2024-07-01,7,裤装,牛仔裤,240.0,1,240.0,100,125.58,华南,驼色,XL,C10577,52.32
DD100598,2024-02-02,2,连衣裙,吊带裙,320.0,2,512.0,80,251.78,西南,墨绿,XL,C10151,49.18
DD100196,2024-11-09,11,上衣,衬衫,180.0,2,342.0,95,184.12,华中,墨绿,L,C10332,53.84
DD101278,2024-08-11,8,配饰,帽子,50.0,1,47.5,95,34.67,东北,灰色,S,C10368,72.99
DD100289,2024-01-29,1,外套,大衣,870.0,1,870.0,100,329.12,华中,米色,M,C10507,37.83
DD100951,2024-04-04,4,上衣,卫衣,360.0,1,360.0,100,224.09,华北,酒红,M,C10045,62.25
DD102448,2024-03-20,3,连衣裙,衬衫裙,640.0,1,640.0,100,353.44,东北,驼色,L,C10278,55.22
DD101979,2024-12-27,12,连衣裙,A字裙,210.0,1,126.0,60,63.99,华东,酒红,XS,C10362,50.79
DD102479,2024-11-21,11,上衣,针织衫,100.0,1,100.0,100,55.28,华东,黑色,M,C10053,55.28
DD101121,2024-06-18,6,配饰,帽子,70.0,1,59.5,85,36.34,西南,酒红,XXL,C10345,61.08
DD101707,2024-08-13,8,配饰,包包,180.0,1,180.0,100,123.02,华南,驼色,XL,C10284,68.34
DD100550,2024-01-10,1,外套,夹克,1260.0,1,756.0,60,317.2,华北,驼色,M,C10219,41.96
DD100157,2024-03-14,3,配饰,腰带,210.0,1,178.5,85,109.35,华东,驼色,M,C10396,61.26
DD100420,2024-01-22,1,上衣,衬衫,120.0,1,120.0,100,67.93,华东,藏青,XXL,C10589,56.61
DD100923,2024-05-05,5,连衣裙,衬衫裙,310.0,1,279.0,90,160.98,华南,米色,S,C10337,57.7
DD101781,2024-03-24,3,裤装,西装裤,250.0,1,250.0,100,122.69,华东,驼色,XXL,C10297,49.08
DD100478,2024-10-10,10,裤装,西装裤,460.0,2,828.0,90,449.02,华南,黑色,XL,C10128,54.23
DD101745,2024-05-23,5,裤装,牛仔裤,530.0,2,1060.0,100,546.72,华南,灰色,L,C10318,51.58
DD101789,2024-06-04,6,配饰,包包,220.0,1,132.0,60,87.79,东北,白色,XL,C10017,66.51
DD101524,2024-08-23,8,裤装,短裤,370.0,1,314.5,85,174.34,东北,黑色,L,C10269,55.43
DD101472,2024-04-25,4,连衣裙,针织裙,500.0,1,450.0,90,259.96,华东,米色,M,C10538,57.77
DD100554,2024-05-07,5,外套,羽绒服,390.0,1,370.5,95,184.49,华东,黑色,L,C10339,49.79
DD101203,2024-03-09,3,外套,大衣,1250.0,2,2500.0,100,1260.88,华中,米色,S,C10280,50.44
DD100391,2024-04-20,4,上衣,卫衣,190.0,2,323.0,85,201.42,华中,灰色,L,C10221,62.36
DD100579,2024-10-15,10,上衣,卫衣,190.0,2,380.0,100,234.11,华北,酒红,M,C10177,61.61
DD102410,2024-07-06,7,上衣,卫衣,190.0,1,180.5,95,103.81,华北,酒红,XXL,C10215,57.51
DD102196,2024-04-20,4,连衣裙,针织裙,470.0,1,470.0,100,255.65,华东,灰色,L,C10540,54.39
DD102361,2024-05-11,5,裤装,短裤,540.0,1,270.0,50,142.6,华南,藏青,M,C10499,52.81
DD100821,2024-03-14,3,配饰,帽子,260.0,1,260.0,100,182.58,华南,酒红,M,C10005,70.22
DD102489,2024-02-27,2,上衣,T恤,370.0,1,351.5,95,229.49,西南,米色,M,C10296,65.29
DD101007,2024-09-24,9,配饰,包包,150.0,1,120.0,80,79.86,东北,白色,S,C10186,66.55
DD101249,2024-12-05,12,上衣,卫衣,280.0,1,280.0,100,165.65,华中,白色,L,C10570,59.16
DD102404,2024-04-03,4,配饰,围巾,130.0,1,91.0,70,60.47,东北,酒红,M,C10563,66.45
DD100665,2024-01-10,1,连衣裙,A字裙,320.0,2,608.0,95,361.94,华中,墨绿,S,C10502,59.53
DD102308,2024-06-11,6,连衣裙,吊带裙,340.0,1,340.0,100,192.97,华北,白色,S,C10332,56.76
DD100143,2024-08-19,8,连衣裙,衬衫裙,690.0,1,586.5,85,344.22,西南,驼色,M,C10109,58.69
DD102267,2024-10-03,10,上衣,T恤,350.0,1,332.5,95,188.24,西南,灰色,S,C10561,56.61
DD101980,2024-01-03,1,上衣,衬衫,150.0,1,150.0,100,89.61,华北,灰色,L,C10314,59.74
DD100422,2024-09-05,9,裤装,短裤,410.0,1,389.5,95,219.75,东北,白色,M,C10122,56.42
DD100800,2024-10-17,10,裤装,西装裤,310.0,1,310.0,100,151.82,西南,黑色,XXL,C10300,48.97
DD102065,2024-07-11,7,外套,大衣,1080.0,1,864.0,80,323.04,华东,白色,XL,C10508,37.39
DD100616,2024-12-04,12,外套,大衣,330.0,1,297.0,90,133.94,华东,驼色,L,C10024,45.1
DD101319,2024-06-20,6,裤装,休闲裤,210.0,1,210.0,100,106.92,华南,驼色,L,C10422,50.91
DD100296,2024-06-19,6,裤装,牛仔裤,550.0,1,550.0,100,253.68,华北,酒红,XL,C10255,46.12
DD100402,2024-07-06,7,连衣裙,吊带裙,600.0,1,570.0,95,325.01,西南,灰色,M,C10362,57.02
DD100089,2024-04-25,4,上衣,卫衣,360.0,1,306.0,85,175.36,华北,米色,XXL,C10028,57.31
DD102133,2024-03-10,3,连衣裙,衬衫裙,410.0,1,410.0,100,205.49,华东,酒红,M,C10388,50.12
DD102573,2024-09-10,9,上衣,衬衫,110.0,1,110.0,100,59.08,东北,藏青,L,C10300,53.71
DD100132,2024-10-01,10,上衣,衬衫,290.0,3,826.5,95,443.81,华东,白色,M,C10009,53.7
DD102422,2024-08-22,8,连衣裙,衬衫裙,460.0,2,920.0,100,494.01,华北,墨绿,S,C10388,53.7
DD102421,2024-01-06,1,外套,风衣,670.0,1,670.0,100,261.22,华南,米色,M,C10158,38.99
DD101810,2024-09-05,9,上衣,T恤,140.0,1,140.0,100,81.19,华中,灰色,XL,C10556,57.99
DD101403,2024-01-22,1,裤装,西装裤,430.0,1,408.5,95,211.49,华东,酒红,M,C10035,51.77
DD102141,2024-09-13,9,连衣裙,吊带裙,400.0,1,400.0,100,204.21,西南,黑色,M,C10327,51.05
DD102259,2024-08-10,8,连衣裙,吊带裙,620.0,1,310.0,50,185.87,华北,藏青,M,C10148,59.96
DD101189,2024-05-21,5,上衣,卫衣,150.0,2,180.0,60,114.57,西南,灰色,L,C10579,63.65
DD100725,2024-06-07,6,上衣,衬衫,150.0,3,450.0,100,288.6,东北,米色,XXL,C10298,64.13
DD101315,2024-06-14,6,连衣裙,A字裙,660.0,2,1056.0,80,523.96,东北,白色,XL,C10173,49.62
DD101917,2024-08-09,8,连衣裙,针织裙,290.0,1,275.5,95,144.5,华南,灰色,XXL,C10230,52.45
DD100270,2024-10-03,10,裤装,西装裤,390.0,1,390.0,100,206.37,华东,酒红,M,C10543,52.92
DD102409,2024-05-07,5,连衣裙,针织裙,600.0,2,1080.0,90,559.58,西南,藏青,XL,C10424,51.81
DD102157,2024-10-22,10,上衣,卫衣,280.0,1,280.0,100,165.91,华南,藏青,S,C10413,59.25
DD101373,2024-10-03,10,上衣,针织衫,100.0,1,100.0,100,56.05,东北,白色,L,C10132,56.05
DD102260,2024-02-20,2,连衣裙,针织裙,210.0,1,210.0,100,124.6,西南,黑色,M,C10513,59.33
DD100918,2024-07-19,7,连衣裙,针织裙,670.0,1,636.5,95,358.02,华中,墨绿,M,C10112,56.25
DD101750,2024-07-22,7,外套,羽绒服,380.0,1,361.0,95,168.67,西南,黑色,M,C10026,46.72
DD101320,2024-09-19,9,配饰,包包,130.0,2,260.0,100,171.05,华南,白色,M,C10500,65.79
DD102230,2024-04-24,4,连衣裙,A字裙,600.0,1,510.0,85,267.97,华东,灰色,S,C10212,52.54
DD102032,2024-09-28,9,配饰,帽子,70.0,1,63.0,90,43.51,华中,墨绿,XXL,C10470,69.06
DD100588,2024-05-09,5,上衣,衬衫,260.0,1,260.0,100,157.5,东北,酒红,L,C10302,60.58
DD101729,2024-10-13,10,上衣,衬衫,330.0,1,330.0,100,185.47,华南,藏青,XL,C10455,56.2
DD102591,2024-07-07,7,连衣裙,吊带裙,280.0,1,280.0,100,156.81,华南,黑色,L,C10219,56.0
DD100376,2024-10-27,10,外套,大衣,1130.0,2,1921.0,85,963.36,华南,驼色,M,C10591,50.15
DD100334,2024-10-26,10,上衣,针织衫,140.0,1,140.0,100,86.04,东北,酒红,M,C10447,61.46
DD101943,2024-03-15,3,上衣,针织衫,340.0,1,170.0,50,102.42,华东,墨绿,M,C10423,60.25
DD102446,2024-04-01,4,连衣裙,A字裙,520.0,2,1040.0,100,590.09,华东,白色,L,C10471,56.74
DD101605,2024-06-25,6,上衣,T恤,210.0,2,399.0,95,252.24,东北,灰色,M,C10548,63.22
DD101119,2024-05-07,5,连衣裙,A字裙,420.0,1,420.0,100,243.32,华北,驼色,XL,C10075,57.93
DD101711,2024-02-04,2,连衣裙,衬衫裙,410.0,1,369.0,90,216.91,东北,白色,L,C10372,58.78
DD101443,2024-02-14,2,上衣,T恤,180.0,1,180.0,100,95.84,西南,墨绿,M,C10316,53.24
DD102068,2024-04-10,4,连衣裙,针织裙,560.0,1,532.0,95,315.26,华东,白色,L,C10512,59.26
DD100911,2024-10-07,10,裤装,牛仔裤,420.0,1,399.0,95,202.76,东北,酒红,M,C10203,50.82
DD100777,2024-04-19,4,裤装,牛仔裤,160.0,1,160.0,100,90.38,华南,黑色,L,C10524,56.49
DD102166,2024-08-01,8,裤装,短裤,330.0,1,330.0,100,174.13,华东,米色,S,C10282,52.77
DD100329,2024-11-21,11,外套,夹克,930.0,1,930.0,100,387.11,华中,酒红,M,C10571,41.62
DD102188,2024-07-07,7,外套,羽绒服,1100.0,3,2970.0,90,1161.21,华中,墨绿,M,C10184,39.1
DD101343,2024-01-09,1,上衣,卫衣,160.0,1,152.0,95,94.81,华中,灰色,M,C10481,62.38
DD100321,2024-02-14,2,连衣裙,A字裙,310.0,1,294.5,95,156.96,东北,米色,L,C10444,53.3
DD101620,2024-05-20,5,裤装,牛仔裤,240.0,1,192.0,80,105.57,东北,墨绿,L,C10446,54.98
DD101666,2024-12-16,12,上衣,卫衣,350.0,1,332.5,95,183.19,西南,米色,XL,C10039,55.09
DD102121,2024-08-26,8,连衣裙,针织裙,500.0,1,500.0,100,251.77,华南,藏青,M,C10551,50.35
DD100013,2024-03-13,3,裤装,休闲裤,590.0,1,531.0,90,262.24,东北,墨绿,M,C10197,49.39
DD100898,2024-01-16,1,裤装,休闲裤,400.0,1,400.0,100,217.22,西南,黑色,XXL,C10547,54.31
DD100172,2024-01-26,1,连衣裙,衬衫裙,680.0,1,544.0,80,332.19,东北,黑色,M,C10020,61.06
DD101674,2024-01-27,1,上衣,衬衫,250.0,1,237.5,95,144.67,华东,黑色,L,C10014,60.91
DD100261,2024-06-17,6,连衣裙,吊带裙,360.0,1,342.0,95,167.24,华南,黑色,S,C10078,48.9
DD102022,2024-06-29,6,连衣裙,A字裙,370.0,1,333.0,90,176.82,西南,藏青,XS,C10459,53.1
DD100690,2024-12-27,12,连衣裙,吊带裙,350.0,2,700.0,100,406.83,华中,藏青,S,C10559,58.12
DD100902,2024-06-17,6,外套,夹克,840.0,1,798.0,95,372.98,华中,灰色,M,C10538,46.74
DD100259,2024-04-19,4,裤装,牛仔裤,280.0,1,266.0,95,148.02,华南,灰色,XXL,C10438,55.65
DD100845,2024-07-24,7,连衣裙,针织裙,680.0,1,680.0,100,372.26,东北,驼色,M,C10349,54.74
DD102399,2024-04-20,4,裤装,牛仔裤,480.0,3,1440.0,100,809.25,华中,米色,S,C10230,56.2
DD100139,2024-12-04,12,上衣,卫衣,160.0,1,160.0,100,82.11,西南,黑色,XL,C10148,51.32
DD101574,2024-09-12,9,裤装,西装裤,250.0,1,250.0,100,142.83,华南,灰色,L,C10238,57.13
DD100320,2024-11-04,11,连衣裙,衬衫裙,460.0,1,460.0,100,243.27,华北,酒红,XL,C10236,52.88
DD100654,2024-02-07,2,连衣裙,吊带裙,310.0,2,620.0,100,300.86,华北,黑色,XS,C10021,48.53
DD102052,2024-04-16,4,外套,大衣,500.0,1,500.0,100,246.52,华中,酒红,XL,C10306,49.3
DD101968,2024-07-27,7,裤装,休闲裤,290.0,2,406.0,70,190.81,华东,墨绿,S,C10361,47.0
DD100559,2024-11-17,11,连衣裙,针织裙,470.0,2,940.0,100,515.25,华南,米色,XL,C10355,54.81
DD100140,2024-02-07,2,连衣裙,吊带裙,500.0,1,500.0,100,309.13,华南,酒红,M,C10340,61.83
DD100113,2024-09-25,9,裤装,牛仔裤,230.0,1,207.0,90,111.89,华北,米色,S,C10034,54.05
DD100532,2024-05-08,5,裤装,西装裤,200.0,1,200.0,100,107.66,华南,驼色,L,C10309,53.83
DD100225,2024-06-07,6,连衣裙,A字裙,440.0,1,418.0,95,221.42,华东,酒红,M,C10396,52.97
DD100724,2024-12-18,12,上衣,衬衫,200.0,1,200.0,100,114.22,华东,酒红,L,C10042,57.11
DD102417,2024-05-12,5,连衣裙,针织裙,380.0,1,380.0,100,218.54,西南,米色,M,C10342,57.51
DD102228,2024-05-14,5,配饰,腰带,90.0,1,81.0,90,54.29,华东,白色,M,C10483,67.02
DD101434,2024-01-04,1,连衣裙,吊带裙,440.0,1,440.0,100,215.02,华东,酒红,M,C10238,48.87
DD100326,2024-05-25,5,外套,夹克,910.0,2,1638.0,90,834.36,西南,米色,M,C10431,50.94
DD101984,2024-12-03,12,上衣,针织衫,260.0,1,260.0,100,153.74,华北,驼色,S,C10396,59.13
DD101324,2024-05-13,5,外套,羽绒服,410.0,1,410.0,100,170.21,东北,墨绿,XS,C10521,41.51
DD102098,2024-10-21,10,连衣裙,衬衫裙,300.0,2,600.0,100,296.77,东北,黑色,S,C10260,49.46
DD101459,2024-10-15,10,连衣裙,针织裙,550.0,1,550.0,100,332.5,西南,米色,L,C10592,60.45
DD102013,2024-10-21,10,上衣,衬衫,320.0,1,320.0,100,180.2,东北,米色,L,C10250,56.31
DD102343,2024-03-13,3,连衣裙,A字裙,320.0,1,288.0,90,163.88,华南,白色,L,C10492,56.9
DD100715,2024-04-20,4,外套,大衣,1200.0,1,1080.0,90,413.97,华东,白色,M,C10007,38.33
DD100847,2024-10-10,10,裤装,西装裤,440.0,1,396.0,90,183.32,东北,米色,XS,C10394,46.29
DD100194,2024-05-13,5,外套,大衣,340.0,1,340.0,100,133.88,华东,米色,S,C10290,39.38
DD101465,2024-06-19,6,连衣裙,A字裙,560.0,1,560.0,100,336.14,华南,米色,XL,C10197,60.02
DD100574,2024-06-05,6,上衣,卫衣,100.0,1,85.0,85,55.18,华南,白色,S,C10276,64.92
DD100947,2024-02-08,2,连衣裙,针织裙,290.0,1,261.0,90,135.48,华南,藏青,L,C10260,51.91
DD100504,2024-08-25,8,连衣裙,衬衫裙,260.0,1,208.0,80,113.34,华东,酒红,XL,C10378,54.49
DD101630,2024-07-07,7,配饰,包包,270.0,1,243.0,90,155.95,华北,黑色,XXL,C10146,64.18
DD101961,2024-05-28,5,连衣裙,衬衫裙,220.0,1,198.0,90,113.55,西南,藏青,XS,C10435,57.35
DD101949,2024-08-13,8,连衣裙,A字裙,570.0,1,570.0,100,328.11,华东,米色,XXL,C10078,57.56
DD100646,2024-05-23,5,连衣裙,衬衫裙,390.0,1,390.0,100,233.24,华中,黑色,L,C10557,59.81
DD100004,2024-04-07,4,连衣裙,针织裙,620.0,1,620.0,100,361.86,东北,灰色,M,C10476,58.36
DD101928,2024-07-11,7,连衣裙,针织裙,640.0,2,896.0,70,501.7,华南,米色,M,C10215,55.99
DD100468,2024-06-12,6,连衣裙,吊带裙,270.0,1,243.0,90,147.17,华北,白色,XL,C10349,60.56
DD101346,2024-09-20,9,配饰,包包,190.0,1,190.0,100,130.92,西南,黑色,L,C10292,68.91
DD100006,2024-05-13,5,上衣,卫衣,180.0,1,180.0,100,108.56,华北,米色,L,C10418,60.31
DD101247,2024-09-17,9,上衣,卫衣,310.0,1,294.5,95,163.31,西南,灰色,XXL,C10140,55.45
DD100920,2024-02-18,2,外套,大衣,880.0,1,704.0,80,335.79,西南,米色,S,C10492,47.7
DD100548,2024-07-16,7,裤装,西装裤,490.0,1,465.5,95,223.78,华北,白色,M,C10319,48.07
DD100229,2024-01-11,1,配饰,腰带,290.0,1,261.0,90,179.11,华东,墨绿,S,C10501,68.62
DD101064,2024-06-27,6,上衣,针织衫,100.0,1,100.0,100,58.15,华北,墨绿,L,C10515,58.15
DD100543,2024-03-08,3,外套,羽绒服,1180.0,1,1062.0,90,444.2,西南,米色,S,C10225,41.83
DD100243,2024-03-02,3,连衣裙,A字裙,310.0,1,279.0,90,151.76,西南,白色,XL,C10108,54.39
DD100899,2024-03-05,3,配饰,帽子,110.0,1,88.0,80,53.27,东北,灰色,S,C10523,60.53
DD102152,2024-05-18,5,上衣,T恤,170.0,4,612.0,90,374.77,华东,黑色,L,C10580,61.24
DD101161,2024-06-15,6,上衣,卫衣,110.0,1,110.0,100,69.71,华南,灰色,S,C10399,63.37
DD101989,2024-06-20,6,上衣,衬衫,360.0,1,324.0,90,168.01,西南,米色,M,C10398,51.85
DD102160,2024-03-08,3,上衣,卫衣,290.0,2,580.0,100,347.85,东北,藏青,M,C10425,59.97
DD102181,2024-11-22,11,裤装,西装裤,330.0,2,660.0,100,320.52,华南,黑色,M,C10215,48.56
DD101831,2024-02-25,2,上衣,T恤,300.0,1,285.0,95,155.88,华中,灰色,L,C10555,54.69
DD101963,2024-04-27,4,连衣裙,衬衫裙,700.0,1,560.0,80,309.14,西南,藏青,M,C10028,55.2
DD100843,2024-04-14,4,外套,羽绒服,870.0,1,826.5,95,371.18,华中,白色,S,C10316,44.91
DD101374,2024-07-01,7,配饰,帽子,240.0,4,960.0,100,674.23,华中,驼色,L,C10186,70.23
DD102525,2024-07-28,7,外套,羽绒服,970.0,1,873.0,90,405.2,西南,黑色,M,C10167,46.41
DD101936,2024-09-21,9,外套,羽绒服,530.0,1,503.5,95,234.82,华北,驼色,M,C10377,46.64
DD101527,2024-06-04,6,连衣裙,针织裙,480.0,1,432.0,90,239.61,华中,灰色,XXL,C10451,55.47
DD101606,2024-11-12,11,连衣裙,衬衫裙,450.0,1,405.0,90,213.72,东北,墨绿,XXL,C10485,52.77
DD102420,2024-05-09,5,上衣,T恤,340.0,1,323.0,95,180.0,华中,灰色,M,C10039,55.73
DD100277,2024-08-11,8,上衣,T恤,300.0,1,240.0,80,148.73,华东,灰色,L,C10092,61.97
DD100662,2024-02-01,2,上衣,针织衫,160.0,1,160.0,100,83.29,华北,驼色,M,C10582,52.06
DD101981,2024-07-23,7,外套,风衣,950.0,1,807.5,85,309.24,华东,白色,XXL,C10507,38.3
DD102207,2024-10-05,10,连衣裙,针织裙,310.0,1,248.0,80,128.85,东北,黑色,M,C10156,51.96
DD102498,2024-04-04,4,裤装,西装裤,250.0,1,225.0,90,133.04,华中,灰色,XL,C10416,59.13
DD102017,2024-05-13,5,裤装,短裤,460.0,2,920.0,100,438.29,华中,酒红,XS,C10293,47.64
DD100315,2024-03-26,3,上衣,针织衫,350.0,1,175.0,50,99.77,华南,藏青,S,C10136,57.01
DD101467,2024-01-09,1,裤装,牛仔裤,510.0,1,510.0,100,249.75,华南,藏青,L,C10143,48.97
DD101344,2024-03-07,3,上衣,衬衫,260.0,1,247.0,95,136.3,华南,白色,S,C10187,55.18
DD102004,2024-08-06,8,上衣,T恤,100.0,1,60.0,60,33.82,华中,墨绿,XL,C10430,56.37
DD100692,2024-10-03,10,上衣,针织衫,150.0,2,255.0,85,152.44,西南,黑色,M,C10007,59.78
DD101542,2024-07-11,7,裤装,休闲裤,300.0,1,300.0,100,169.81,华东,米色,L,C10248,56.6
DD100613,2024-01-08,1,上衣,针织衫,260.0,1,247.0,95,139.36,华南,黑色,M,C10535,56.42
DD100425,2024-11-14,11,连衣裙,吊带裙,330.0,1,297.0,90,179.73,华北,黑色,L,C10515,60.52
DD101578,2024-10-09,10,上衣,针织衫,340.0,1,340.0,100,186.05,华中,墨绿,L,C10262,54.72
DD100595,2024-10-19,10,连衣裙,针织裙,550.0,1,550.0,100,283.93,西南,米色,L,C10521,51.62
DD102576,2024-10-26,10,裤装,西装裤,160.0,1,152.0,95,76.64,华南,灰色,L,C10102,50.42
DD101393,2024-10-08,10,裤装,休闲裤,410.0,1,348.5,85,170.97,东北,白色,M,C10579,49.06
DD100623,2024-12-27,12,上衣,卫衣,390.0,2,780.0,100,417.35,华东,藏青,L,C10420,53.51
DD101958,2024-06-08,6,上衣,卫衣,300.0,1,270.0,90,167.04,西南,酒红,L,C10411,61.87
DD101494,2024-03-14,3,连衣裙,衬衫裙,380.0,1,380.0,100,195.93,东北,驼色,XL,C10088,51.56
DD101765,2024-08-19,8,外套,羽绒服,1200.0,2,2400.0,100,1171.88,西南,驼色,L,C10563,48.83
DD100228,2024-02-11,2,上衣,卫衣,160.0,2,272.0,85,149.41,华北,黑色,L,C10016,54.93
DD101879,2024-10-26,10,上衣,T恤,370.0,1,296.0,80,188.76,华东,藏青,S,C10151,63.77
DD101170,2024-05-25,5,裤装,休闲裤,230.0,1,230.0,100,119.24,华北,米色,XL,C10220,51.84
DD100109,2024-06-20,6,连衣裙,针织裙,480.0,1,480.0,100,268.83,华中,灰色,XS,C10115,56.01
DD101847,2024-05-14,5,连衣裙,衬衫裙,370.0,1,351.5,95,194.43,西南,墨绿,XXL,C10445,55.31
DD100067,2024-06-16,6,连衣裙,衬衫裙,280.0,1,266.0,95,146.29,西南,米色,XXL,C10355,55.0
DD101418,2024-06-18,6,连衣裙,针织裙,460.0,1,460.0,100,232.21,华东,灰色,XL,C10559,50.48
DD102349,2024-08-10,8,连衣裙,吊带裙,210.0,1,199.5,95,103.41,华北,米色,L,C10182,51.83
DD100025,2024-05-11,5,连衣裙,吊带裙,460.0,1,460.0,100,251.37,华中,墨绿,L,C10046,54.65
DD101236,2024-05-27,5,上衣,卫衣,290.0,1,246.5,85,138.77,华中,酒红,L,C10127,56.3
DD102158,2024-10-23,10,上衣,卫衣,220.0,1,209.0,95,128.32,华东,藏青,L,C10435,61.4
DD100145,2024-07-15,7,配饰,腰带,110.0,2,220.0,100,160.52,华北,驼色,S,C10466,72.96
DD100537,2024-10-22,10,裤装,西装裤,280.0,4,1064.0,95,539.99,西南,驼色,XS,C10566,50.75
DD100812,2024-01-07,1,连衣裙,针织裙,310.0,1,310.0,100,161.73,西南,白色,S,C10007,52.17
DD101883,2024-05-20,5,外套,大衣,720.0,1,720.0,100,294.68,西南,黑色,XXL,C10467,40.93
DD101498,2024-04-16,4,连衣裙,针织裙,600.0,1,300.0,50,145.93,西南,白色,S,C10265,48.64
DD100086,2024-12-14,12,裤装,西装裤,180.0,1,144.0,80,80.57,华南,驼色,XS,C10518,55.95
DD101255,2024-02-27,2,裤装,西装裤,470.0,1,376.0,80,193.77,华中,灰色,M,C10347,51.53
DD102155,2024-07-06,7,配饰,包包,50.0,2,80.0,80,56.42,华中,酒红,S,C10251,70.53
DD102134,2024-07-03,7,上衣,T恤,240.0,1,216.0,90,124.33,华南,驼色,M,C10446,57.56
DD101976,2024-03-06,3,连衣裙,针织裙,610.0,1,579.5,95,326.69,华南,白色,L,C10287,56.37
DD102104,2024-05-06,5,连衣裙,吊带裙,210.0,1,210.0,100,101.67,西南,藏青,L,C10537,48.41
DD100485,2024-03-16,3,配饰,围巾,130.0,1,130.0,100,96.51,华中,灰色,S,C10335,74.24
DD101655,2024-09-04,9,裤装,休闲裤,450.0,1,450.0,100,218.18,西南,驼色,M,C10176,48.48
DD102320,2024-01-15,1,外套,大衣,630.0,1,504.0,80,224.06,华南,灰色,M,C10011,44.46
DD102484,2024-08-22,8,配饰,包包,130.0,1,130.0,100,89.17,华中,驼色,L,C10124,68.59
DD100739,2024-06-08,6,外套,风衣,1280.0,1,1280.0,100,640.77,西南,米色,M,C10526,50.06
DD101921,2024-09-05,9,上衣,针织衫,300.0,1,285.0,95,174.1,华中,驼色,XL,C10241,61.09
DD102281,2024-03-16,3,上衣,衬衫,350.0,1,315.0,90,190.87,华中,黑色,XXL,C10170,60.59
DD102561,2024-04-28,4,连衣裙,吊带裙,490.0,1,490.0,100,273.03,华东,白色,L,C10272,55.72
DD101892,2024-11-14,11,连衣裙,A字裙,330.0,1,330.0,100,178.75,华中,灰色,M,C10090,54.17
DD101775,2024-05-02,5,连衣裙,吊带裙,680.0,2,1292.0,95,677.18,华北,黑色,XS,C10492,52.41
DD100363,2024-05-18,5,裤装,牛仔裤,230.0,1,218.5,95,122.65,华南,墨绿,L,C10541,56.13
DD100750,2024-08-09,8,裤装,休闲裤,520.0,2,988.0,95,570.55,华北,藏青,L,C10510,57.75
DD101933,2024-01-26,1,配饰,腰带,160.0,1,80.0,50,57.64,华东,米色,S,C10200,72.05
DD101647,2024-01-21,1,上衣,T恤,310.0,1,279.0,90,160.33,华南,黑色,L,C10596,57.47
DD101027,2024-06-26,6,连衣裙,A字裙,680.0,1,612.0,90,322.87,东北,米色,M,C10193,52.76
DD101031,2024-11-07,11,上衣,衬衫,240.0,2,336.0,70,201.4,华中,藏青,XXL,C10080,59.94
DD102515,2024-05-24,5,上衣,针织衫,160.0,1,152.0,95,90.19,东北,白色,S,C10074,59.34
DD101336,2024-03-05,3,外套,大衣,920.0,2,1840.0,100,806.34,西南,藏青,XL,C10536,43.82
DD102148,2024-10-03,10,外套,风衣,1090.0,1,1035.5,95,510.7,西南,米色,XL,C10278,49.32
DD102113,2024-01-13,1,上衣,针织衫,210.0,1,189.0,90,112.24,东北,驼色,M,C10175,59.39
DD100666,2024-01-24,1,连衣裙,针织裙,360.0,3,1080.0,100,620.25,华南,墨绿,XL,C10040,57.43
DD100365,2024-10-19,10,裤装,短裤,340.0,4,1360.0,100,651.67,西南,灰色,L,C10422,47.92
DD102291,2024-02-20,2,上衣,T恤,220.0,1,209.0,95,109.65,华北,驼色,XL,C10565,52.46
DD101240,2024-08-16,8,外套,风衣,1180.0,1,1121.0,95,476.57,华南,米色,XS,C10074,42.51
DD100078,2024-11-22,11,外套,夹克,1170.0,1,936.0,80,386.81,华北,黑色,M,C10551,41.33
DD100028,2024-05-13,5,上衣,T恤,200.0,1,200.0,100,130.71,华东,灰色,XL,C10452,65.36
DD100474,2024-01-06,1,裤装,短裤,450.0,1,450.0,100,252.17,华中,墨绿,XXL,C10148,56.04
DD100526,2024-06-13,6,外套,风衣,700.0,1,630.0,90,265.22,华南,黑色,XL,C10006,42.1
DD100726,2024-05-21,5,上衣,卫衣,140.0,1,140.0,100,90.08,华南,黑色,XL,C10014,64.34
DD100056,2024-04-07,4,上衣,衬衫,280.0,1,266.0,95,159.35,华中,灰色,M,C10581,59.91
DD100639,2024-02-15,2,上衣,T恤,320.0,3,912.0,95,557.0,西南,米色,S,C10153,61.07
DD100303,2024-07-13,7,上衣,针织衫,240.0,1,204.0,85,121.83,华南,墨绿,M,C10186,59.72
DD100719,2024-05-24,5,连衣裙,针织裙,270.0,1,229.5,85,123.86,华南,灰色,S,C10186,53.97
DD102264,2024-09-08,9,连衣裙,吊带裙,590.0,1,354.0,60,208.56,华南,白色,L,C10488,58.92
DD102031,2024-03-02,3,连衣裙,针织裙,500.0,2,1000.0,100,555.93,东北,灰色,S,C10388,55.59
DD100625,2024-05-15,5,连衣裙,衬衫裙,540.0,1,513.0,95,258.36,华南,白色,L,C10542,50.36
DD100008,2024-12-03,12,上衣,T恤,310.0,1,310.0,100,199.46,华南,白色,M,C10574,64.34
DD101281,2024-09-16,9,上衣,T恤,380.0,1,361.0,95,207.25,华东,驼色,M,C10117,57.41
DD100804,2024-06-08,6,上衣,衬衫,280.0,1,280.0,100,163.31,华南,驼色,XL,C10444,58.32
DD101050,2024-03-28,3,裤装,牛仔裤,530.0,1,503.5,95,274.84,华南,酒红,XL,C10430,54.59
DD100337,2024-10-17,10,上衣,针织衫,120.0,1,120.0,100,77.36,华中,灰色,M,C10070,64.47
DD101597,2024-04-13,4,配饰,围巾,50.0,1,45.0,90,32.34,华北,黑色,S,C10231,71.87
DD100048,2024-08-03,8,连衣裙,吊带裙,500.0,1,475.0,95,283.28,华东,灰色,M,C10334,59.64
DD102244,2024-05-05,5,上衣,T恤,300.0,1,285.0,95,149.19,华南,藏青,L,C10087,52.35
DD100107,2024-03-23,3,连衣裙,A字裙,360.0,1,360.0,100,179.12,华中,白色,L,C10337,49.76
DD100350,2024-10-08,10,上衣,T恤,130.0,1,110.5,85,58.69,华中,米色,M,C10205,53.11
DD101080,2024-08-23,8,裤装,西装裤,400.0,1,400.0,100,183.37,西南,白色,M,C10048,45.84
DD100239,2024-12-19,12,裤装,西装裤,540.0,1,459.0,85,223.4,西南,白色,XL,C10169,48.67
DD100214,2024-01-22,1,连衣裙,衬衫裙,210.0,2,399.0,95,210.85,西南,白色,M,C10546,52.84
DD101145,2024-07-20,7,上衣,卫衣,110.0,1,104.5,95,61.19,华东,白色,M,C10165,58.56
DD102253,2024-03-12,3,裤装,西装裤,190.0,1,171.0,90,97.52,西南,灰色,M,C10151,57.03
DD101911,2024-07-13,7,连衣裙,A字裙,430.0,2,774.0,90,483.72,东北,酒红,XL,C10581,62.5
DD100794,2024-08-20,8,配饰,包包,60.0,1,54.0,90,38.81,华东,灰色,XS,C10515,71.87
DD101097,2024-05-08,5,上衣,衬衫,380.0,1,361.0,95,230.87,华北,灰色,S,C10098,63.95
DD101837,2024-05-17,5,外套,风衣,1270.0,1,1016.0,80,466.48,华南,墨绿,XXL,C10394,45.91
DD101754,2024-06-09,6,上衣,针织衫,120.0,1,102.0,85,59.56,西南,灰色,XXL,C10294,58.39
DD101971,2024-07-12,7,连衣裙,针织裙,500.0,3,1425.0,95,720.2,西南,黑色,L,C10166,50.54
DD101888,2024-10-15,10,外套,羽绒服,1050.0,2,2100.0,100,1093.24,华东,黑色,L,C10431,52.06
DD102316,2024-07-26,7,连衣裙,吊带裙,410.0,1,287.0,70,159.75,华东,墨绿,L,C10202,55.66
DD100346,2024-01-10,1,连衣裙,吊带裙,290.0,1,290.0,100,177.69,华南,墨绿,XL,C10038,61.27
DD100524,2024-02-28,2,外套,夹克,390.0,1,390.0,100,155.98,东北,灰色,S,C10273,39.99
DD100233,2024-04-14,4,裤装,牛仔裤,220.0,1,198.0,90,103.04,华中,墨绿,L,C10411,52.04
DD100645,2024-10-24,10,连衣裙,A字裙,220.0,1,220.0,100,105.76,华中,墨绿,L,C10267,48.07
DD101537,2024-03-21,3,上衣,卫衣,310.0,1,310.0,100,170.03,华中,酒红,XL,C10593,54.85
DD102262,2024-11-10,11,连衣裙,吊带裙,280.0,1,238.0,85,130.67,西南,墨绿,L,C10301,54.9
DD101429,2024-07-06,7,上衣,T恤,290.0,2,406.0,70,244.3,华南,驼色,XL,C10211,60.17
DD100534,2024-05-17,5,上衣,卫衣,200.0,1,180.0,90,112.8,西南,黑色,L,C10404,62.67
DD102263,2024-04-18,4,裤装,西装裤,240.0,1,216.0,90,113.23,华北,灰色,L,C10211,52.42
DD100604,2024-07-26,7,裤装,短裤,340.0,1,340.0,100,188.4,华北,白色,M,C10583,55.41
DD101490,2024-07-02,7,连衣裙,A字裙,380.0,2,646.0,85,332.43,华东,酒红,L,C10569,51.46
DD102016,2024-07-16,7,连衣裙,针织裙,600.0,1,600.0,100,363.18,西南,驼色,L,C10296,60.53
DD101813,2024-09-05,9,上衣,衬衫,200.0,1,100.0,50,63.78,华中,黑色,S,C10185,63.78
DD101427,2024-05-06,5,上衣,针织衫,220.0,1,209.0,95,116.07,华中,米色,S,C10358,55.54
DD101075,2024-11-27,11,连衣裙,针织裙,660.0,2,1122.0,85,613.46,华北,墨绿,M,C10104,54.68
DD102131,2024-11-07,11,配饰,围巾,50.0,1,47.5,95,28.76,华北,米色,M,C10259,60.55
DD100061,2024-09-19,9,配饰,帽子,280.0,4,1120.0,100,753.66,东北,藏青,XL,C10228,67.29
DD100672,2024-09-15,9,连衣裙,针织裙,330.0,1,313.5,95,170.27,华南,灰色,XXL,C10432,54.31
DD100093,2024-06-12,6,连衣裙,衬衫裙,290.0,1,290.0,100,150.26,华中,灰色,XXL,C10520,51.81
DD100667,2024-07-14,7,上衣,T恤,290.0,1,275.5,95,182.53,华北,白色,L,C10091,66.25
DD101866,2024-06-18,6,裤装,牛仔裤,600.0,3,1800.0,100,855.65,华南,酒红,L,C10118,47.54
DD102341,2024-04-21,4,连衣裙,A字裙,330.0,1,330.0,100,180.04,华中,黑色,S,C10373,54.56
DD100281,2024-08-13,8,上衣,针织衫,210.0,2,357.0,85,215.1,华南,酒红,S,C10047,60.25
DD101720,2024-09-03,9,连衣裙,吊带裙,510.0,1,484.5,95,254.47,华中,酒红,L,C10099,52.52
DD101871,2024-09-02,9,配饰,包包,110.0,2,209.0,95,136.85,华中,白色,M,C10595,65.48
DD100360,2024-02-20,2,配饰,腰带,270.0,1,162.0,60,118.51,华中,墨绿,M,C10505,73.15
DD101898,2024-03-07,3,连衣裙,A字裙,570.0,1,399.0,70,241.63,华南,白色,XXL,C10171,60.56
DD101544,2024-09-04,9,裤装,西装裤,550.0,1,275.0,50,147.64,华中,灰色,XXL,C10561,53.69
DD101398,2024-10-09,10,连衣裙,A字裙,510.0,1,459.0,90,269.46,西南,酒红,L,C10245,58.71
DD102402,2024-04-06,4,上衣,T恤,150.0,1,105.0,70,60.12,东北,藏青,M,C10579,57.26
DD100848,2024-04-22,4,上衣,卫衣,170.0,1,170.0,100,93.76,华南,米色,S,C10360,55.15
DD101207,2024-07-15,7,上衣,卫衣,390.0,1,331.5,85,218.02,华南,黑色,XL,C10064,65.77
DD102293,2024-06-08,6,上衣,卫衣,160.0,1,160.0,100,97.31,东北,米色,XL,C10582,60.82
DD100761,2024-08-06,8,裤装,牛仔裤,430.0,1,301.0,70,146.28,西南,白色,XS,C10590,48.6
DD100111,2024-08-10,8,配饰,包包,280.0,2,532.0,95,335.05,华北,藏青,L,C10389,62.98
DD101776,2024-05-10,5,配饰,帽子,190.0,1,190.0,100,139.07,华东,驼色,XS,C10565,73.19
DD100043,2024-03-03,3,裤装,牛仔裤,570.0,1,541.5,95,258.85,东北,白色,L,C10004,47.8
DD101771,2024-08-08,8,连衣裙,A字裙,560.0,1,560.0,100,272.5,西南,酒红,M,C10339,48.66
DD100126,2024-10-18,10,配饰,包包,250.0,1,212.5,85,152.58,华东,酒红,M,C10075,71.8
DD100205,2024-02-17,2,配饰,围巾,290.0,1,174.0,60,117.76,华南,米色,M,C10362,67.68
DD101474,2024-07-12,7,连衣裙,针织裙,230.0,1,184.0,80,102.72,华中,米色,S,C10118,55.83
DD100053,2024-10-19,10,连衣裙,针织裙,290.0,1,290.0,100,159.05,东北,墨绿,L,C10525,54.84
DD101798,2024-03-02,3,连衣裙,吊带裙,600.0,1,570.0,95,279.2,华中,米色,M,C10304,48.98
DD100546,2024-08-03,8,上衣,针织衫,180.0,1,180.0,100,118.21,东北,墨绿,S,C10211,65.67
DD100069,2024-03-25,3,连衣裙,针织裙,630.0,1,598.5,95,345.03,华东,白色,XL,C10116,57.65
DD101908,2024-08-23,8,上衣,T恤,320.0,1,288.0,90,160.5,西南,墨绿,S,C10029,55.73
DD101876,2024-09-04,9,连衣裙,A字裙,560.0,3,1680.0,100,820.81,西南,酒红,L,C10134,48.86
DD102179,2024-05-23,5,裤装,休闲裤,500.0,2,1000.0,100,486.21,华北,藏青,S,C10472,48.62
DD102290,2024-01-02,1,上衣,衬衫,200.0,1,160.0,80,88.36,华中,酒红,M,C10285,55.22
DD102060,2024-01-20,1,外套,风衣,970.0,1,970.0,100,466.83,华北,灰色,XXL,C10235,48.13
DD101425,2024-05-04,5,裤装,短裤,170.0,2,340.0,100,186.53,华中,墨绿,S,C10455,54.86
DD100184,2024-07-17,7,裤装,短裤,510.0,2,1020.0,100,585.25,华南,白色,M,C10247,57.38
DD100138,2024-02-13,2,上衣,卫衣,390.0,1,351.0,90,220.36,东北,灰色,M,C10011,62.78
DD100900,2024-08-15,8,上衣,衬衫,180.0,1,153.0,85,84.44,华东,藏青,M,C10320,55.19
DD100797,2024-07-17,7,连衣裙,吊带裙,670.0,1,670.0,100,339.88,华南,酒红,XL,C10426,50.73
DD100133,2024-10-08,10,连衣裙,A字裙,320.0,1,320.0,100,163.31,华南,黑色,S,C10438,51.03
DD100081,2024-03-13,3,裤装,牛仔裤,340.0,1,323.0,95,190.22,华北,黑色,S,C10291,58.89
DD101587,2024-01-21,1,裤装,短裤,160.0,1,160.0,100,80.0,华东,白色,M,C10291,50.0
DD102249,2024-06-27,6,上衣,T恤,190.0,2,380.0,100,233.13,东北,灰色,S,C10021,61.35
DD100759,2024-07-24,7,裤装,牛仔裤,350.0,1,315.0,90,160.39,华中,藏青,S,C10491,50.92
DD100542,2024-07-18,7,外套,羽绒服,960.0,1,960.0,100,448.55,西南,白色,M,C10443,46.72
DD101020,2024-01-23,1,上衣,衬衫,150.0,1,150.0,100,96.66,华北,藏青,M,C10434,64.44
DD101916,2024-10-16,10,上衣,T恤,280.0,1,280.0,100,185.78,东北,驼色,L,C10060,66.35
DD100984,2024-06-18,6,连衣裙,A字裙,370.0,1,296.0,80,145.08,华北,灰色,M,C10380,49.01
DD102581,2024-11-09,11,上衣,T恤,340.0,1,238.0,70,147.62,华中,灰色,L,C10593,62.03
DD100166,2024-04-20,4,上衣,针织衫,270.0,1,135.0,50,71.47,华东,灰色,L,C10046,52.94
DD100249,2024-05-21,5,连衣裙,吊带裙,390.0,1,351.0,90,217.35,东北,黑色,M,C10479,61.92
DD101332,2024-10-27,10,连衣裙,针织裙,680.0,1,408.0,60,216.76,东北,墨绿,L,C10016,53.13
DD100447,2024-04-29,4,外套,大衣,820.0,1,574.0,70,243.58,华东,黑色,XS,C10057,42.44
DD101927,2024-04-22,4,外套,羽绒服,1270.0,2,2540.0,100,1037.94,华南,墨绿,M,C10590,40.86
DD100859,2024-06-25,6,外套,大衣,1190.0,1,1190.0,100,594.08,华中,墨绿,M,C10546,49.92
DD101359,2024-01-26,1,配饰,帽子,60.0,1,60.0,100,44.03,华北,藏青,XXL,C10171,73.38
DD102020,2024-07-27,7,裤装,休闲裤,370.0,4,1480.0,100,669.09,华南,驼色,S,C10458,45.21
DD101874,2024-07-09,7,裤装,牛仔裤,580.0,1,580.0,100,283.15,华东,灰色,M,C10066,48.82
DD100098,2024-09-11,9,连衣裙,针织裙,550.0,1,522.5,95,275.56,华北,酒红,XL,C10030,52.74
DD101946,2024-02-06,2,连衣裙,A字裙,690.0,2,1380.0,100,710.5,西南,白色,XL,C10261,51.49
DD100806,2024-03-25,3,外套,风衣,1030.0,3,3090.0,100,1525.44,华东,米色,L,C10589,49.37
DD100738,2024-09-12,9,上衣,T恤,380.0,2,722.0,95,416.63,华南,藏青,M,C10199,57.7
DD102524,2024-06-05,6,连衣裙,A字裙,510.0,2,918.0,90,498.06,华中,墨绿,XL,C10303,54.25
DD102047,2024-06-25,6,裤装,短裤,370.0,1,296.0,80,147.06,华南,驼色,L,C10303,49.68
DD102116,2024-05-14,5,裤装,短裤,560.0,1,560.0,100,266.15,西南,酒红,S,C10119,47.53
DD100103,2024-12-19,12,连衣裙,吊带裙,420.0,1,378.0,90,201.55,华南,驼色,L,C10021,53.32
DD100435,2024-03-09,3,外套,风衣,1070.0,1,909.5,85,380.8,华中,黑色,S,C10177,41.87
DD100075,2024-02-15,2,上衣,卫衣,140.0,1,140.0,100,90.97,东北,墨绿,XL,C10490,64.98
DD100578,2024-07-24,7,配饰,围巾,250.0,2,450.0,90,290.6,东北,白色,L,C10000,64.58
DD102005,2024-05-16,5,上衣,衬衫,160.0,1,144.0,90,83.75,西南,驼色,L,C10351,58.16
DD102204,2024-08-03,8,配饰,围巾,240.0,1,204.0,85,128.51,东北,驼色,S,C10139,63.0
DD101231,2024-04-26,4,配饰,包包,140.0,1,112.0,80,72.67,东北,驼色,XXL,C10479,64.88
DD100919,2024-10-23,10,裤装,短裤,360.0,1,324.0,90,168.25,华南,米色,M,C10077,51.93
DD101327,2024-04-28,4,裤装,休闲裤,470.0,1,446.5,95,248.97,华东,白色,XS,C10565,55.76
DD102413,2024-09-22,9,连衣裙,衬衫裙,360.0,2,720.0,100,387.62,西南,黑色,S,C10172,53.84
DD102382,2024-10-23,10,连衣裙,针织裙,340.0,1,340.0,100,205.67,华北,酒红,L,C10047,60.49
DD102340,2024-07-22,7,连衣裙,衬衫裙,280.0,1,280.0,100,158.46,华北,藏青,M,C10518,56.59
DD101849,2024-08-20,8,配饰,包包,140.0,1,140.0,100,87.97,华中,米色,XL,C10478,62.84
DD100763,2024-04-28,4,裤装,牛仔裤,200.0,2,400.0,100,202.46,华北,藏青,M,C10595,50.62
DD102317,2024-10-03,10,上衣,T恤,130.0,2,260.0,100,146.44,华中,酒红,L,C10315,56.32
DD100990,2024-03-21,3,连衣裙,衬衫裙,650.0,1,650.0,100,365.55,东北,白色,M,C10465,56.24
DD100389,2024-05-05,5,上衣,T恤,130.0,1,123.5,95,79.42,东北,墨绿,XL,C10591,64.31
DD100236,2024-06-04,6,上衣,T恤,360.0,1,288.0,80,166.53,华北,酒红,L,C10491,57.82
DD102261,2024-05-16,5,上衣,衬衫,250.0,1,212.5,85,115.61,华中,驼色,M,C10408,54.4
DD100268,2024-11-19,11,上衣,针织衫,240.0,1,228.0,95,142.76,华中,米色,M,C10206,62.61
DD101330,2024-01-05,1,裤装,西装裤,240.0,1,240.0,100,124.86,华中,灰色,XS,C10094,52.02
DD101915,2024-05-13,5,裤装,牛仔裤,380.0,1,380.0,100,208.95,华南,白色,L,C10128,54.99
DD102463,2024-09-06,9,上衣,T恤,320.0,1,304.0,95,198.0,东北,米色,M,C10190,65.13
DD100118,2024-05-08,5,外套,羽绒服,540.0,1,432.0,80,199.85,华中,白色,L,C10360,46.26
DD100438,2024-02-12,2,上衣,T恤,370.0,1,314.5,85,196.42,华中,驼色,XXL,C10367,62.45
DD100674,2024-12-12,12,裤装,短裤,490.0,1,490.0,100,218.25,西南,酒红,XS,C10509,44.54
DD100250,2024-05-18,5,连衣裙,A字裙,560.0,1,560.0,100,306.84,西南,黑色,XXL,C10087,54.79
DD102220,2024-06-27,6,连衣裙,吊带裙,400.0,1,360.0,90,211.86,华东,米色,M,C10056,58.85
DD101575,2024-10-09,10,上衣,卫衣,380.0,1,304.0,80,189.96,华南,酒红,XL,C10308,62.49
DD102597,2024-01-15,1,连衣裙,吊带裙,240.0,1,240.0,100,130.99,华南,驼色,L,C10508,54.58
DD100095,2024-10-11,10,裤装,休闲裤,330.0,1,313.5,95,178.28,华南,黑色,M,C10536,56.87
DD102053,2024-07-07,7,配饰,包包,230.0,1,184.0,80,126.6,西南,白色,M,C10240,68.8
DD100034,2024-02-17,2,裤装,西装裤,380.0,2,760.0,100,358.65,西南,酒红,XXL,C10075,47.19
DD102271,2024-01-27,1,连衣裙,衬衫裙,400.0,1,380.0,95,184.89,华北,酒红,XL,C10293,48.66
DD102226,2024-05-20,5,上衣,针织衫,120.0,1,120.0,100,73.11,华东,黑色,S,C10206,60.92
DD102380,2024-01-27,1,上衣,衬衫,270.0,1,135.0,50,79.88,华东,酒红,L,C10554,59.17
DD100449,2024-10-03,10,连衣裙,衬衫裙,370.0,1,296.0,80,144.94,西南,灰色,M,C10155,48.97
DD101470,2024-10-18,10,上衣,衬衫,290.0,1,290.0,100,158.03,华北,米色,XXL,C10348,54.49
DD101796,2024-05-27,5,外套,大衣,510.0,3,1453.5,95,642.82,西南,白色,XL,C10168,44.23
DD100717,2024-01-10,1,上衣,卫衣,310.0,1,279.0,90,155.22,东北,酒红,M,C10520,55.63
DD102117,2024-03-26,3,裤装,休闲裤,420.0,3,1197.0,95,702.24,华东,白色,M,C10031,58.67
DD102429,2024-10-17,10,上衣,T恤,320.0,1,320.0,100,210.08,华北,酒红,M,C10479,65.65
DD100001,2024-03-08,3,上衣,T恤,270.0,1,270.0,100,162.08,华北,灰色,S,C10343,60.03
DD101902,2024-11-24,11,上衣,针织衫,200.0,1,180.0,90,118.05,华东,墨绿,L,C10095,65.58
DD100457,2024-07-15,7,配饰,包包,270.0,3,810.0,100,560.91,东北,驼色,M,C10403,69.25
DD101102,2024-04-14,4,配饰,腰带,80.0,2,160.0,100,105.58,华中,驼色,L,C10578,65.99
DD101109,2024-06-08,6,连衣裙,A字裙,630.0,1,504.0,80,256.28,东北,白色,M,C10224,50.85
DD102043,2024-03-27,3,上衣,T恤,220.0,1,209.0,95,110.96,东北,灰色,S,C10450,53.09
DD100083,2024-04-05,4,连衣裙,衬衫裙,620.0,3,1860.0,100,994.62,华东,黑色,M,C10216,53.47
DD101482,2024-10-18,10,上衣,衬衫,350.0,2,700.0,100,402.73,西南,藏青,S,C10301,57.53
DD102101,2024-11-28,11,裤装,牛仔裤,360.0,1,288.0,80,149.16,华北,酒红,L,C10519,51.79
DD100677,2024-08-23,8,外套,羽绒服,610.0,1,610.0,100,298.35,华东,白色,S,C10465,48.91
DD101589,2024-09-19,9,外套,羽绒服,500.0,1,450.0,90,179.43,华北,灰色,S,C10538,39.87
DD102218,2024-03-05,3,连衣裙,A字裙,650.0,1,650.0,100,322.71,华南,酒红,L,C10281,49.65
DD101047,2024-06-20,6,连衣裙,A字裙,540.0,2,972.0,90,478.14,华中,藏青,L,C10592,49.19
DD101461,2024-09-23,9,上衣,衬衫,160.0,1,160.0,100,93.16,西南,藏青,L,C10177,58.22
DD100771,2024-10-05,10,配饰,围巾,230.0,2,437.0,95,291.03,华东,米色,M,C10061,66.6
DD101894,2024-05-23,5,连衣裙,吊带裙,500.0,1,475.0,95,237.36,华东,灰色,M,C10222,49.97
DD101669,2024-09-06,9,连衣裙,针织裙,430.0,1,387.0,90,212.4,西南,灰色,M,C10501,54.88
DD101887,2024-11-25,11,裤装,短裤,290.0,4,1044.0,90,553.43,华北,灰色,XL,C10057,53.01
DD102026,2024-05-16,5,连衣裙,A字裙,420.0,1,378.0,90,191.28,华南,灰色,M,C10591,50.6
DD100476,2024-10-18,10,裤装,短裤,390.0,1,351.0,90,168.58,西南,藏青,S,C10548,48.03
DD100518,2024-09-04,9,连衣裙,A字裙,540.0,1,540.0,100,323.73,华东,墨绿,L,C10598,59.95
DD100823,2024-06-13,6,连衣裙,针织裙,620.0,1,527.0,85,291.16,华北,酒红,L,C10386,55.25
DD100405,2024-12-17,12,上衣,T恤,180.0,1,180.0,100,112.53,东北,米色,L,C10568,62.52
DD100385,2024-10-16,10,上衣,卫衣,340.0,1,306.0,90,195.51,华北,墨绿,M,C10520,63.89
DD102109,2024-03-03,3,外套,羽绒服,820.0,1,738.0,90,335.94,华南,驼色,L,C10544,45.52
DD102165,2024-10-23,10,裤装,短裤,290.0,4,986.0,85,453.57,东北,藏青,XXL,C10460,46.0
DD100105,2024-01-26,1,裤装,西装裤,540.0,1,378.0,70,207.83,华中,墨绿,XL,C10561,54.98
DD101634,2024-03-08,3,连衣裙,衬衫裙,420.0,1,252.0,60,128.71,华中,白色,XL,C10105,51.08
DD101953,2024-04-28,4,连衣裙,针织裙,440.0,1,308.0,70,154.2,东北,藏青,M,C10264,50.06
DD102482,2024-05-22,5,连衣裙,A字裙,480.0,1,456.0,95,225.46,东北,墨绿,L,C10015,49.44
DD100689,2024-12-06,12,上衣,衬衫,110.0,1,77.0,70,45.53,华南,酒红,L,C10306,59.13
DD100795,2024-05-05,5,上衣,卫衣,350.0,1,350.0,100,232.92,华东,酒红,S,C10229,66.55
DD100827,2024-07-07,7,上衣,衬衫,220.0,1,176.0,80,114.7,华东,藏青,S,C10104,65.17
DD101878,2024-06-18,6,上衣,衬衫,110.0,1,104.5,95,65.24,华东,黑色,S,C10537,62.43
DD101241,2024-11-25,11,连衣裙,吊带裙,220.0,1,198.0,90,99.15,东北,驼色,XL,C10132,50.08
DD100063,2024-05-25,5,外套,羽绒服,800.0,1,640.0,80,296.82,华北,驼色,S,C10578,46.38
DD101306,2024-05-25,5,配饰,腰带,170.0,1,170.0,100,106.56,华东,驼色,L,C10515,62.68
DD100853,2024-03-08,3,上衣,衬衫,230.0,1,138.0,60,79.6,东北,灰色,L,C10080,57.68
DD102390,2024-05-02,5,外套,大衣,510.0,1,510.0,100,232.65,华东,白色,M,C10078,45.62
DD100177,2024-09-19,9,上衣,衬衫,260.0,1,260.0,100,161.61,华北,灰色,M,C10378,62.16
DD101263,2024-12-18,12,上衣,针织衫,310.0,2,496.0,80,289.97,华中,藏青,L,C10248,58.46
DD100224,2024-10-05,10,连衣裙,A字裙,340.0,1,306.0,90,152.76,西南,米色,L,C10292,49.92
DD100146,2024-01-12,1,连衣裙,A字裙,230.0,1,138.0,60,82.06,华东,藏青,M,C10262,59.46
DD101089,2024-09-19,9,上衣,针织衫,290.0,1,290.0,100,154.15,华南,藏青,M,C10379,53.16
DD100374,2024-02-13,2,裤装,短裤,230.0,1,218.5,95,121.35,华中,白色,M,C10587,55.54
DD101825,2024-04-16,4,外套,大衣,580.0,1,580.0,100,236.53,华南,藏青,XXL,C10303,40.78
DD102369,2024-03-04,3,上衣,针织衫,220.0,1,154.0,70,88.96,华南,米色,XXL,C10139,57.77
DD101143,2024-12-23,12,上衣,卫衣,150.0,2,300.0,100,183.76,华南,黑色,M,C10370,61.25
DD102490,2024-10-11,10,配饰,围巾,220.0,2,308.0,70,204.33,华东,黑色,L,C10089,66.34
DD102255,2024-08-23,8,连衣裙,衬衫裙,560.0,1,504.0,90,274.82,华南,墨绿,XL,C10111,54.53
DD101275,2024-05-26,5,配饰,围巾,260.0,1,208.0,80,146.82,西南,灰色,M,C10366,70.59
DD101266,2024-04-06,4,裤装,短裤,490.0,1,490.0,100,225.41,华东,驼色,M,C10415,46.0
DD102327,2024-02-15,2,上衣,卫衣,190.0,1,171.0,90,99.45,华北,黑色,S,C10475,58.16
DD102082,2024-12-21,12,裤装,休闲裤,530.0,1,503.5,95,231.26,西南,墨绿,XL,C10232,45.93
DD100010,2024-08-07,8,裤装,休闲裤,550.0,1,550.0,100,289.56,华东,黑色,L,C10258,52.65
DD100450,2024-07-06,7,连衣裙,A字裙,340.0,1,170.0,50,102.93,华东,墨绿,S,C10236,60.55
DD101945,2024-10-20,10,连衣裙,衬衫裙,350.0,1,350.0,100,175.29,华中,酒红,XL,C10243,50.08
DD101839,2024-09-11,9,上衣,卫衣,310.0,1,279.0,90,156.72,华东,酒红,XL,C10003,56.17
DD100709,2024-06-27,6,连衣裙,A字裙,470.0,1,470.0,100,272.1,华北,白色,M,C10471,57.89
DD100256,2024-07-23,7,连衣裙,A字裙,290.0,1,232.0,80,127.06,华中,灰色,M,C10032,54.77
DD100883,2024-10-22,10,连衣裙,吊带裙,620.0,1,527.0,85,320.23,华东,灰色,M,C10161,60.76
DD101618,2024-09-07,9,上衣,T恤,110.0,1,93.5,85,52.05,华中,黑色,XXL,C10466,55.67
DD100390,2024-07-13,7,外套,大衣,1170.0,1,1170.0,100,477.99,东北,酒红,M,C10438,40.85
DD101277,2024-05-04,5,上衣,针织衫,340.0,1,323.0,95,206.44,华东,灰色,M,C10597,63.91
DD102493,2024-05-14,5,上衣,T恤,90.0,1,81.0,90,44.14,华中,黑色,S,C10222,54.49
DD101582,2024-09-21,9,连衣裙,A字裙,340.0,1,272.0,80,170.34,华中,灰色,M,C10544,62.62
DD100909,2024-05-27,5,连衣裙,A字裙,310.0,1,294.5,95,155.59,华东,酒红,XS,C10041,52.83
DD100925,2024-10-22,10,外套,夹克,600.0,1,600.0,100,241.39,东北,藏青,XL,C10547,40.23
DD100752,2024-05-25,5,上衣,卫衣,110.0,1,110.0,100,69.75,华北,驼色,XL,C10230,63.41
DD100732,2024-08-14,8,裤装,短裤,580.0,1,580.0,100,306.43,西南,驼色,M,C10108,52.83
DD100461,2024-03-07,3,连衣裙,吊带裙,330.0,1,297.0,90,182.29,华中,墨绿,XL,C10151,61.38
DD101748,2024-02-09,2,连衣裙,吊带裙,360.0,1,342.0,95,188.58,华东,藏青,XL,C10034,55.14
DD102037,2024-03-27,3,上衣,卫衣,260.0,1,234.0,90,149.71,西南,灰色,L,C10460,63.98
DD102081,2024-08-23,8,上衣,衬衫,280.0,1,280.0,100,150.35,西南,白色,M,C10139,53.7
DD101225,2024-06-18,6,裤装,西装裤,300.0,1,300.0,100,162.79,华东,灰色,XXL,C10135,54.26
DD101169,2024-06-18,6,连衣裙,针织裙,280.0,1,280.0,100,147.12,华北,黑色,XXL,C10164,52.54
DD100959,2024-05-19,5,外套,羽绒服,610.0,1,518.5,85,241.41,西南,灰色,L,C10074,46.56
DD100502,2024-05-12,5,裤装,西装裤,380.0,1,380.0,100,211.02,华北,驼色,XL,C10028,55.53
DD101947,2024-02-19,2,连衣裙,吊带裙,400.0,1,400.0,100,222.78,华北,酒红,XL,C10415,55.7
DD101728,2024-05-26,5,裤装,西装裤,430.0,1,408.5,95,224.31,东北,灰色,XL,C10244,54.91
DD100740,2024-01-27,1,连衣裙,衬衫裙,440.0,2,792.0,90,417.27,华东,灰色,XL,C10053,52.69
DD100041,2024-12-23,12,裤装,西装裤,330.0,1,264.0,80,125.04,东北,藏青,S,C10372,47.36
DD100869,2024-11-22,11,裤装,牛仔裤,580.0,2,1160.0,100,613.37,华北,白色,XL,C10441,52.88
DD100540,2024-12-12,12,裤装,牛仔裤,420.0,1,420.0,100,232.74,东北,墨绿,L,C10108,55.41
DD102178,2024-07-15,7,上衣,T恤,150.0,1,135.0,90,80.37,华中,米色,M,C10279,59.53
DD101372,2024-05-24,5,外套,风衣,1280.0,2,2176.0,85,1030.34,东北,酒红,XXL,C10210,47.35
DD101146,2024-09-25,9,外套,大衣,580.0,1,522.0,90,234.9,华南,藏青,M,C10407,45.0
DD101032,2024-11-19,11,连衣裙,A字裙,510.0,1,255.0,50,123.2,华中,灰色,M,C10512,48.31
DD100373,2024-01-26,1,连衣裙,A字裙,580.0,1,522.0,90,289.18,华东,白色,XS,C10517,55.4
DD100668,2024-10-18,10,上衣,T恤,210.0,1,210.0,100,133.42,华北,藏青,L,C10546,63.53
DD100358,2024-09-16,9,配饰,帽子,290.0,2,580.0,100,351.19,华东,驼色,M,C10522,60.55
DD100968,2024-11-21,11,外套,夹克,1080.0,1,1026.0,95,500.25,东北,墨绿,XL,C10364,48.76
DD101354,2024-01-03,1,配饰,包包,180.0,1,180.0,100,128.81,华南,藏青,XL,C10594,71.56
DD101036,2024-08-23,8,上衣,卫衣,270.0,3,810.0,100,423.05,华南,米色,S,C10092,52.23
DD100471,2024-11-02,11,外套,羽绒服,1000.0,1,850.0,85,317.95,华北,藏青,XL,C10337,37.41
DD101397,2024-06-20,6,上衣,衬衫,240.0,2,456.0,95,264.37,东北,黑色,S,C10566,57.98
DD102274,2024-09-19,9,裤装,西装裤,480.0,1,480.0,100,236.72,华南,白色,XL,C10409,49.32
DD101550,2024-06-26,6,连衣裙,吊带裙,440.0,1,440.0,100,221.88,西南,藏青,XL,C10224,50.43
DD101257,2024-09-03,9,连衣裙,针织裙,610.0,1,610.0,100,315.3,华东,黑色,M,C10515,51.69
DD101556,2024-11-16,11,连衣裙,衬衫裙,570.0,1,570.0,100,319.09,华北,白色,L,C10178,55.98
DD102247,2024-04-16,4,上衣,卫衣,320.0,2,640.0,100,377.01,华中,黑色,XL,C10580,58.91
DD101251,2024-07-12,7,上衣,卫衣,350.0,1,210.0,60,130.68,华北,驼色,M,C10103,62.23
DD101700,2024-10-08,10,上衣,T恤,240.0,1,240.0,100,149.1,西南,藏青,L,C10595,62.12
DD101253,2024-08-24,8,上衣,卫衣,340.0,1,323.0,95,178.24,华中,藏青,M,C10586,55.18
DD102416,2024-06-20,6,上衣,针织衫,310.0,1,310.0,100,183.99,东北,黑色,L,C10182,59.35
DD100080,2024-02-05,2,上衣,衬衫,240.0,1,240.0,100,154.53,东北,米色,L,C10267,64.39
DD101173,2024-01-15,1,连衣裙,吊带裙,330.0,1,297.0,90,145.76,华北,驼色,M,C10558,49.08
DD100815,2024-10-06,10,上衣,针织衫,280.0,2,504.0,90,314.93,华南,藏青,L,C10193,62.49
DD101853,2024-08-27,8,连衣裙,衬衫裙,420.0,1,378.0,90,193.68,华北,酒红,S,C10470,51.24
DD102475,2024-06-18,6,连衣裙,吊带裙,410.0,1,410.0,100,213.48,华南,墨绿,M,C10520,52.07
DD100134,2024-04-13,4,裤装,西装裤,370.0,1,370.0,100,204.42,华北,白色,M,C10076,55.25
DD101141,2024-10-27,10,裤装,休闲裤,230.0,1,218.5,95,121.42,华东,白色,XXL,C10323,55.57
DD100934,2024-12-12,12,配饰,包包,70.0,2,133.0,95,92.41,东北,驼色,S,C10529,69.48
DD100929,2024-10-05,10,上衣,衬衫,270.0,1,256.5,95,139.81,东北,驼色,M,C10259,54.51
DD100824,2024-06-14,6,裤装,短裤,460.0,1,414.0,90,201.94,华中,黑色,XXL,C10164,48.78
DD101532,2024-12-27,12,上衣,T恤,90.0,1,85.5,95,55.65,西南,白色,L,C10145,65.09
DD101215,2024-04-16,4,裤装,短裤,520.0,2,884.0,85,446.56,东北,墨绿,XS,C10543,50.52
DD100505,2024-01-13,1,上衣,卫衣,370.0,1,296.0,80,159.53,东北,灰色,XXL,C10068,53.9
DD102569,2024-08-28,8,上衣,针织衫,250.0,1,250.0,100,145.37,华东,灰色,XXL,C10005,58.15
DD101997,2024-04-25,4,配饰,包包,270.0,1,256.5,95,156.59,华中,藏青,L,C10012,61.05
DD101959,2024-01-04,1,上衣,T恤,240.0,1,240.0,100,130.07,西南,米色,M,C10477,54.2
DD101385,2024-09-26,9,连衣裙,针织裙,410.0,1,410.0,100,244.13,华中,白色,XXL,C10209,59.54
DD100895,2024-06-02,6,裤装,休闲裤,280.0,1,252.0,90,120.98,华东,藏青,XXL,C10051,48.01
DD100829,2024-04-10,4,上衣,卫衣,390.0,1,390.0,100,235.97,华南,酒红,XXL,C10554,60.51
DD102533,2024-05-09,5,上衣,针织衫,260.0,1,234.0,90,148.26,华北,米色,M,C10368,63.36
DD101684,2024-03-16,3,配饰,包包,220.0,1,220.0,100,141.92,华中,灰色,XXL,C10411,64.51
DD102232,2024-06-06,6,配饰,包包,240.0,1,240.0,100,148.08,华东,墨绿,XL,C10326,61.7
DD102217,2024-10-27,10,裤装,西装裤,580.0,1,493.0,85,237.45,华北,黑色,L,C10547,48.16
DD102180,2024-01-23,1,连衣裙,吊带裙,290.0,1,290.0,100,143.54,东北,米色,M,C10561,49.5
DD100653,2024-07-10,7,裤装,西装裤,170.0,1,153.0,90,77.25,华中,酒红,M,C10315,50.49
DD100173,2024-09-05,9,连衣裙,衬衫裙,430.0,3,1225.5,95,712.19,华南,酒红,M,C10489,58.11
DD100039,2024-02-11,2,上衣,卫衣,320.0,1,224.0,70,137.24,华东,灰色,M,C10057,61.27
DD102483,2024-01-11,1,连衣裙,A字裙,330.0,1,313.5,95,177.67,西南,墨绿,L,C10288,56.67
DD100714,2024-03-06,3,配饰,帽子,210.0,1,210.0,100,147.73,华东,白色,S,C10141,70.35
DD100091,2024-04-05,4,上衣,卫衣,160.0,1,160.0,100,84.6,华东,黑色,L,C10139,52.87
DD101206,2024-03-24,3,外套,羽绒服,490.0,1,441.0,90,189.29,华北,驼色,L,C10599,42.92
DD102243,2024-07-14,7,连衣裙,吊带裙,240.0,1,204.0,85,108.0,东北,灰色,XXL,C10263,52.94
DD101828,2024-10-12,10,裤装,短裤,200.0,2,380.0,95,192.35,东北,墨绿,L,C10485,50.62
DD101156,2024-12-16,12,上衣,卫衣,360.0,1,360.0,100,188.48,华南,米色,M,C10381,52.36
DD101325,2024-08-27,8,上衣,衬衫,150.0,2,240.0,80,133.23,华东,灰色,XXL,C10372,55.51
DD100217,2024-02-13,2,上衣,卫衣,310.0,1,310.0,100,166.34,华东,驼色,XL,C10379,53.66
DD100511,2024-09-04,9,配饰,腰带,210.0,1,189.0,90,119.56,西南,白色,XS,C10310,63.26
DD101681,2024-05-06,5,连衣裙,A字裙,500.0,1,500.0,100,269.84,东北,酒红,XXL,C10562,53.97
DD100500,2024-06-10,6,连衣裙,A字裙,350.0,1,332.5,95,163.29,华南,白色,S,C10130,49.11
DD102150,2024-06-26,6,裤装,休闲裤,410.0,3,1230.0,100,600.31,西南,驼色,L,C10341,48.81
DD101857,2024-06-27,6,连衣裙,衬衫裙,280.0,1,224.0,80,121.07,华中,黑色,M,C10028,54.05
DD101389,2024-09-11,9,配饰,腰带,210.0,1,210.0,100,134.7,华东,灰色,M,C10256,64.14
DD101520,2024-10-04,10,裤装,牛仔裤,470.0,1,376.0,80,216.38,华南,酒红,M,C10112,57.55
DD102362,2024-09-08,9,裤装,牛仔裤,240.0,1,240.0,100,136.13,华北,墨绿,XL,C10394,56.72
DD102077,2024-09-25,9,配饰,包包,220.0,1,220.0,100,142.25,东北,灰色,L,C10023,64.66
DD101541,2024-06-06,6,外套,风衣,650.0,1,552.5,85,263.52,华东,酒红,M,C10049,47.7
DD101218,2024-07-14,7,裤装,西装裤,520.0,1,494.0,95,283.57,华南,灰色,L,C10342,57.4
DD101417,2024-07-17,7,连衣裙,A字裙,250.0,1,250.0,100,126.65,华北,米色,M,C10590,50.66
DD102185,2024-03-07,3,裤装,短裤,550.0,1,440.0,80,241.17,华南,白色,M,C10418,54.81
DD101677,2024-10-25,10,裤装,短裤,380.0,1,190.0,50,90.17,华南,墨绿,M,C10574,47.46
DD101198,2024-05-06,5,配饰,腰带,130.0,1,130.0,100,85.96,华中,藏青,L,C10570,66.12
DD101543,2024-03-27,3,连衣裙,A字裙,570.0,1,513.0,90,305.01,东北,藏青,L,C10150,59.46
DD100954,2024-02-25,2,裤装,西装裤,290.0,1,275.5,95,129.76,东北,白色,M,C10275,47.1
DD100751,2024-02-09,2,连衣裙,衬衫裙,480.0,1,432.0,90,218.58,东北,黑色,XXL,C10096,50.6
DD100235,2024-05-08,5,上衣,衬衫,320.0,1,224.0,70,117.89,东北,灰色,XL,C10589,52.63
DD100733,2024-05-27,5,上衣,针织衫,240.0,1,228.0,95,130.59,华南,灰色,S,C10025,57.28
DD102593,2024-05-28,5,连衣裙,针织裙,240.0,1,228.0,95,112.27,华东,墨绿,XL,C10549,49.24
DD101157,2024-05-17,5,上衣,针织衫,310.0,1,294.5,95,178.17,东北,黑色,M,C10157,60.5
DD102231,2024-08-24,8,配饰,包包,190.0,1,180.5,95,112.22,东北,酒红,XS,C10491,62.17
DD101210,2024-05-09,5,连衣裙,吊带裙,630.0,1,535.5,85,305.26,华南,米色,L,C10382,57.0
DD101066,2024-07-01,7,配饰,围巾,80.0,1,72.0,90,43.92,华北,藏青,M,C10245,61.0
DD101063,2024-11-21,11,连衣裙,针织裙,310.0,1,310.0,100,155.65,华北,酒红,XL,C10169,50.21
DD101168,2024-01-03,1,连衣裙,衬衫裙,540.0,4,2160.0,100,1123.02,华东,墨绿,M,C10120,51.99
DD101493,2024-09-06,9,上衣,卫衣,230.0,1,218.5,95,133.28,华南,白色,M,C10530,61.0
DD102146,2024-08-08,8,连衣裙,衬衫裙,310.0,1,279.0,90,137.87,华东,藏青,L,C10332,49.42
DD100885,2024-01-23,1,裤装,牛仔裤,420.0,1,336.0,80,184.39,东北,酒红,S,C10190,54.88
DD100144,2024-03-05,3,外套,大衣,700.0,1,700.0,100,364.25,华东,驼色,XXL,C10011,52.04
DD102552,2024-03-22,3,连衣裙,吊带裙,240.0,1,240.0,100,142.26,西南,酒红,S,C10509,59.28
DD100851,2024-06-07,6,外套,羽绒服,710.0,1,674.5,95,302.55,华南,米色,M,C10182,44.86
DD100718,2024-09-12,9,上衣,卫衣,120.0,1,120.0,100,74.66,华东,墨绿,XXL,C10381,62.22
DD102469,2024-05-10,5,连衣裙,A字裙,530.0,2,1007.0,95,510.9,华东,灰色,M,C10249,50.73
DD100265,2024-11-11,11,连衣裙,针织裙,410.0,1,389.5,95,210.92,华南,白色,XL,C10274,54.15
DD100076,2024-08-22,8,配饰,腰带,120.0,2,240.0,100,175.84,华北,墨绿,S,C10547,73.27
DD100396,2024-01-17,1,裤装,短裤,590.0,1,590.0,100,318.39,东北,驼色,XL,C10549,53.96
DD102208,2024-09-20,9,配饰,帽子,190.0,1,161.5,85,107.88,华北,藏青,S,C10237,66.8
DD102433,2024-08-03,8,裤装,短裤,470.0,3,1410.0,100,823.57,西南,酒红,M,C10429,58.41
DD100397,2024-04-17,4,连衣裙,衬衫裙,530.0,1,530.0,100,292.33,华北,酒红,XL,C10127,55.16
DD101366,2024-06-07,6,上衣,针织衫,330.0,1,330.0,100,173.37,华北,灰色,L,C10081,52.54
DD102168,2024-02-11,2,配饰,包包,110.0,1,104.5,95,77.18,华中,白色,S,C10468,73.86
DD101904,2024-10-26,10,裤装,西装裤,350.0,1,350.0,100,174.91,东北,墨绿,XS,C10225,49.97
DD100596,2024-07-14,7,连衣裙,吊带裙,620.0,1,620.0,100,334.92,西南,酒红,M,C10319,54.02
DD102110,2024-08-06,8,上衣,卫衣,200.0,1,200.0,100,131.08,西南,白色,XXL,C10076,65.54
DD101297,2024-05-05,5,连衣裙,针织裙,280.0,1,168.0,60,104.51,华南,米色,L,C10192,62.21
DD101822,2024-03-21,3,连衣裙,衬衫裙,210.0,3,630.0,100,376.96,西南,米色,L,C10453,59.83
DD100873,2024-08-13,8,连衣裙,衬衫裙,340.0,3,1020.0,100,532.27,华南,墨绿,M,C10254,52.18
DD101549,2024-10-12,10,上衣,卫衣,300.0,1,285.0,95,163.57,西南,米色,M,C10108,57.39
DD100037,2024-02-14,2,外套,大衣,700.0,2,1400.0,100,638.78,华中,黑色,XL,C10510,45.63
DD102383,2024-02-09,2,上衣,卫衣,370.0,3,1054.5,95,651.45,华北,藏青,L,C10006,61.78
DD102144,2024-03-20,3,连衣裙,衬衫裙,480.0,1,480.0,100,296.49,东北,酒红,S,C10599,61.77
DD102562,2024-09-10,9,配饰,包包,170.0,1,170.0,100,111.33,华南,藏青,S,C10474,65.49
DD100978,2024-10-23,10,上衣,T恤,190.0,1,190.0,100,124.94,华北,酒红,M,C10491,65.76
DD101572,2024-03-15,3,外套,夹克,1020.0,1,918.0,90,391.28,华中,黑色,L,C10161,42.62
DD101123,2024-09-17,9,配饰,包包,60.0,1,60.0,100,39.31,东北,灰色,L,C10220,65.52
DD101893,2024-01-27,1,上衣,针织衫,230.0,1,207.0,90,130.12,华东,黑色,M,C10425,62.86
DD100676,2024-10-05,10,裤装,西装裤,490.0,1,490.0,100,258.5,华中,米色,M,C10263,52.76
DD100729,2024-12-13,12,配饰,帽子,60.0,1,60.0,100,36.91,华东,米色,XL,C10563,61.52
DD100413,2024-05-20,5,外套,大衣,710.0,1,710.0,100,357.36,华北,白色,L,C10175,50.33
DD101517,2024-05-13,5,连衣裙,针织裙,260.0,1,221.0,85,115.22,华东,驼色,M,C10049,52.14
DD101650,2024-10-08,10,上衣,衬衫,150.0,1,142.5,95,89.99,西南,米色,M,C10249,63.15
DD100826,2024-09-13,9,配饰,围巾,250.0,1,225.0,90,157.72,华东,米色,M,C10146,70.1
DD100617,2024-10-07,10,连衣裙,衬衫裙,610.0,2,976.0,80,478.12,西南,酒红,XXL,C10448,48.99
DD100115,2024-10-10,10,上衣,衬衫,310.0,1,263.5,85,142.36,华南,米色,L,C10245,54.03
DD100418,2024-09-19,9,外套,夹克,1130.0,4,4068.0,90,1796.61,西南,墨绿,XS,C10128,44.16
DD101626,2024-06-05,6,上衣,衬衫,190.0,2,361.0,95,222.4,华中,白色,XL,C10131,61.61
DD102550,2024-06-16,6,裤装,短裤,560.0,4,1904.0,85,966.2,华东,墨绿,L,C10084,50.75
DD100090,2024-01-12,1,裤装,牛仔裤,410.0,1,410.0,100,236.98,西南,酒红,L,C10002,57.8
DD102083,2024-02-25,2,上衣,T恤,190.0,1,180.5,95,112.79,华北,白色,S,C10085,62.49
DD100754,2024-02-07,2,裤装,短裤,350.0,1,350.0,100,173.17,东北,驼色,S,C10572,49.48
DD101631,2024-05-06,5,连衣裙,吊带裙,420.0,1,420.0,100,237.85,华北,驼色,S,C10059,56.63
DD100012,2024-04-04,4,连衣裙,针织裙,350.0,1,350.0,100,187.49,东北,驼色,M,C10224,53.57
DD100285,2024-07-20,7,连衣裙,A字裙,610.0,1,549.0,90,315.06,华北,灰色,L,C10060,57.39
DD101067,2024-11-09,11,连衣裙,吊带裙,570.0,1,570.0,100,345.14,西南,酒红,M,C10222,60.55
DD101192,2024-07-18,7,上衣,卫衣,190.0,1,190.0,100,102.77,华北,驼色,M,C10548,54.09
DD101441,2024-05-02,5,上衣,卫衣,350.0,2,630.0,90,385.73,西南,灰色,M,C10426,61.23
DD102435,2024-08-02,8,连衣裙,吊带裙,300.0,1,300.0,100,163.69,华南,白色,S,C10469,54.56
DD102584,2024-06-17,6,配饰,帽子,240.0,1,216.0,90,147.14,西南,酒红,XXL,C10172,68.12
DD102352,2024-08-07,8,上衣,卫衣,220.0,2,418.0,95,257.14,华中,白色,XL,C10336,61.52
DD101569,2024-10-21,10,裤装,西装裤,290.0,1,261.0,90,120.02,西南,黑色,M,C10112,45.98
DD102235,2024-05-17,5,裤装,牛仔裤,380.0,1,361.0,95,189.6,华中,灰色,S,C10018,52.52
DD101688,2024-08-15,8,连衣裙,吊带裙,280.0,1,266.0,95,127.19,华北,墨绿,L,C10364,47.82
DD100852,2024-09-13,9,裤装,短裤,270.0,2,486.0,90,222.81,华中,酒红,S,C10517,45.85
DD100896,2024-03-22,3,上衣,衬衫,160.0,2,304.0,95,176.01,华南,黑色,M,C10012,57.9
DD100497,2024-07-12,7,配饰,包包,150.0,1,142.5,95,92.64,西南,黑色,L,C10017,65.01
DD101783,2024-05-08,5,配饰,围巾,160.0,1,160.0,100,104.77,西南,墨绿,M,C10295,65.48
DD100336,2024-01-12,1,上衣,针织衫,260.0,1,260.0,100,151.69,东北,驼色,S,C10011,58.34
DD100516,2024-06-07,6,连衣裙,衬衫裙,560.0,2,896.0,80,484.09,华东,灰色,L,C10542,54.03
DD101349,2024-03-07,3,连衣裙,吊带裙,670.0,2,1340.0,100,808.44,华北,黑色,M,C10258,60.33
DD101016,2024-10-27,10,配饰,帽子,270.0,1,270.0,100,185.85,华南,灰色,M,C10446,68.83
DD102441,2024-04-18,4,配饰,包包,190.0,3,570.0,100,386.61,华中,酒红,XXL,C10575,67.83
DD101782,2024-09-23,9,连衣裙,针织裙,210.0,1,210.0,100,114.13,华南,酒红,L,C10389,54.35
DD101786,2024-02-19,2,连衣裙,针织裙,580.0,1,580.0,100,302.58,华中,驼色,XL,C10082,52.17
DD102071,2024-07-06,7,上衣,T恤,210.0,1,189.0,90,105.56,华南,灰色,M,C10462,55.85
DD100357,2024-07-18,7,裤装,休闲裤,230.0,3,655.5,95,364.16,华北,驼色,M,C10562,55.55
DD102476,2024-12-11,12,上衣,T恤,300.0,2,540.0,90,299.59,华东,黑色,XS,C10303,55.48
DD101313,2024-02-12,2,配饰,帽子,160.0,1,160.0,100,114.22,东北,墨绿,L,C10045,71.39
DD101636,2024-10-17,10,连衣裙,A字裙,320.0,1,272.0,85,156.83,华东,灰色,XL,C10364,57.66
DD100551,2024-05-07,5,配饰,包包,90.0,2,180.0,100,128.26,东北,酒红,L,C10358,71.26
DD101228,2024-08-03,8,配饰,腰带,80.0,1,80.0,100,50.19,华中,驼色,L,C10253,62.74
DD102324,2024-07-11,7,配饰,腰带,270.0,1,270.0,100,194.71,华中,酒红,S,C10328,72.11
DD100958,2024-07-05,7,裤装,牛仔裤,570.0,1,570.0,100,319.19,东北,灰色,XL,C10111,56.0
DD101774,2024-02-26,2,配饰,围巾,210.0,1,189.0,90,135.95,东北,藏青,M,C10148,71.93
DD102142,2024-09-10,9,连衣裙,针织裙,430.0,2,860.0,100,454.81,华中,墨绿,XL,C10308,52.88
DD101009,2024-04-03,4,外套,夹克,860.0,1,860.0,100,407.63,西南,白色,M,C10201,47.4
DD101093,2024-01-10,1,上衣,T恤,370.0,1,333.0,90,191.54,西南,黑色,XL,C10033,57.52
DD102535,2024-10-11,10,上衣,衬衫,360.0,1,342.0,95,201.13,东北,墨绿,S,C10429,58.81
DD100997,2024-07-20,7,连衣裙,A字裙,250.0,1,225.0,90,120.91,华东,酒红,XL,C10355,53.74
DD101680,2024-04-28,4,外套,风衣,740.0,2,1480.0,100,612.37,华中,驼色,S,C10090,41.38
DD100154,2024-09-21,9,裤装,西装裤,340.0,1,289.0,85,167.14,西南,黑色,M,C10359,57.83
DD100581,2024-12-13,12,裤装,休闲裤,190.0,2,266.0,70,152.66,华中,黑色,S,C10143,57.39
DD101471,2024-09-02,9,配饰,帽子,120.0,1,108.0,90,74.59,华中,灰色,M,C10177,69.06
DD100704,2024-08-27,8,上衣,衬衫,380.0,2,760.0,100,497.51,华北,藏青,S,C10381,65.46
DD101213,2024-01-11,1,外套,大衣,910.0,1,637.0,70,318.34,华北,驼色,XXL,C10502,49.97
DD100897,2024-03-05,3,裤装,短裤,180.0,1,180.0,100,83.99,华南,驼色,XXL,C10042,46.66
DD100488,2024-06-18,6,裤装,牛仔裤,280.0,1,280.0,100,152.63,华南,酒红,L,C10259,54.51
DD100560,2024-03-28,3,配饰,包包,200.0,1,180.0,90,119.01,华东,酒红,M,C10050,66.12
DD101142,2024-12-17,12,上衣,针织衫,300.0,1,300.0,100,166.37,华北,藏青,XXL,C10536,55.46
DD101120,2024-05-26,5,外套,夹克,490.0,1,490.0,100,206.6,东北,米色,L,C10265,42.16
DD100513,2024-05-20,5,外套,夹克,640.0,1,608.0,95,258.73,东北,黑色,XXL,C10325,42.55
DD100634,2024-09-13,9,上衣,针织衫,360.0,2,504.0,70,265.66,东北,酒红,M,C10285,52.71
DD102242,2024-09-03,9,裤装,短裤,230.0,1,230.0,100,124.18,东北,灰色,S,C10337,53.99
DD101665,2024-03-15,3,连衣裙,吊带裙,630.0,1,567.0,90,309.7,华东,酒红,L,C10373,54.62
DD101013,2024-01-20,1,外套,大衣,1110.0,1,1110.0,100,554.32,东北,酒红,M,C10470,49.94
DD101932,2024-10-23,10,上衣,卫衣,150.0,2,285.0,95,154.1,华中,灰色,XS,C10074,54.07
DD101151,2024-05-11,5,外套,夹克,320.0,2,512.0,80,226.33,华南,米色,L,C10132,44.21
DD102438,2024-02-10,2,连衣裙,衬衫裙,510.0,1,459.0,90,235.02,华东,藏青,M,C10020,51.2
DD100117,2024-06-22,6,上衣,衬衫,230.0,1,230.0,100,135.24,华北,黑色,XXL,C10065,58.8
DD100741,2024-05-26,5,外套,风衣,790.0,1,711.0,90,309.31,华南,米色,XL,C10256,43.5
DD102401,2024-04-03,4,连衣裙,吊带裙,570.0,2,684.0,60,408.05,华东,藏青,XL,C10486,59.66
DD101975,2024-04-08,4,裤装,西装裤,570.0,1,513.0,90,266.25,西南,黑色,M,C10548,51.9
DD101082,2024-07-08,7,外套,夹克,780.0,1,780.0,100,346.35,华东,酒红,XS,C10291,44.4
DD101811,2024-09-11,9,上衣,针织衫,350.0,2,595.0,85,375.6,华中,黑色,XL,C10221,63.13
DD100831,2024-06-17,6,裤装,休闲裤,590.0,2,1121.0,95,602.34,华南,墨绿,M,C10283,53.73
DD100120,2024-10-14,10,上衣,针织衫,120.0,1,120.0,100,68.74,华中,黑色,S,C10197,57.28
DD100657,2024-10-06,10,连衣裙,A字裙,480.0,1,336.0,70,179.72,华中,驼色,XXL,C10568,53.49
DD102373,2024-08-06,8,连衣裙,针织裙,400.0,1,400.0,100,234.85,西南,藏青,XXL,C10317,58.71
DD102334,2024-05-22,5,连衣裙,衬衫裙,200.0,1,140.0,70,71.71,华南,墨绿,XXL,C10316,51.22
DD102544,2024-11-07,11,外套,夹克,590.0,3,1770.0,100,803.3,华南,米色,M,C10544,45.38
DD100636,2024-05-23,5,连衣裙,A字裙,480.0,1,480.0,100,257.74,华南,驼色,M,C10499,53.7
DD100370,2024-12-05,12,上衣,T恤,150.0,1,150.0,100,97.51,华中,米色,XL,C10333,65.01
DD100269,2024-05-18,5,上衣,针织衫,170.0,1,170.0,100,111.4,华中,白色,XL,C10302,65.53
DD100047,2024-10-22,10,外套,大衣,390.0,1,370.5,95,168.57,华中,酒红,L,C10074,45.5
DD100992,2024-01-21,1,外套,夹克,1270.0,1,1079.5,85,484.72,华北,白色,M,C10180,44.9
DD100877,2024-02-07,2,上衣,T恤,210.0,1,199.5,95,105.53,华北,墨绿,M,C10077,52.9
DD100774,2024-03-06,3,配饰,帽子,170.0,1,170.0,100,117.58,华中,白色,L,C10235,69.16
DD101220,2024-05-20,5,上衣,针织衫,220.0,1,187.0,85,114.57,华南,墨绿,XXL,C10274,61.27
DD101127,2024-04-18,4,上衣,针织衫,300.0,1,240.0,80,133.41,华东,灰色,XS,C10567,55.59
DD100005,2024-06-11,6,配饰,帽子,280.0,1,280.0,100,184.86,东北,墨绿,XL,C10337,66.02
DD101596,2024-11-22,11,裤装,短裤,590.0,1,590.0,100,312.56,华北,灰色,S,C10033,52.98
DD101078,2024-05-06,5,连衣裙,针织裙,350.0,1,350.0,100,197.68,西南,黑色,M,C10126,56.48
DD100838,2024-06-12,6,连衣裙,衬衫裙,660.0,1,462.0,70,227.65,东北,藏青,M,C10272,49.27
DD100682,2024-09-14,9,连衣裙,A字裙,600.0,1,600.0,100,351.06,西南,驼色,L,C10179,58.51
DD101716,2024-06-25,6,上衣,针织衫,340.0,1,170.0,50,95.11,华中,米色,M,C10546,55.95
DD102198,2024-04-17,4,上衣,针织衫,360.0,1,360.0,100,228.45,华南,藏青,L,C10179,63.46
DD101149,2024-08-04,8,外套,羽绒服,720.0,1,576.0,80,278.56,西南,酒红,L,C10211,48.36
DD100575,2024-04-21,4,上衣,卫衣,330.0,2,561.0,85,327.81,华南,灰色,S,C10332,58.43
DD100051,2024-06-18,6,外套,夹克,490.0,1,490.0,100,239.35,华中,灰色,S,C10232,48.85
DD100854,2024-02-18,2,上衣,针织衫,140.0,1,119.0,85,65.56,华南,驼色,L,C10560,55.09
DD101983,2024-06-06,6,上衣,T恤,340.0,1,323.0,95,206.93,华南,墨绿,L,C10546,64.07
DD101824,2024-10-26,10,连衣裙,针织裙,650.0,2,1170.0,90,593.61,华东,驼色,L,C10315,50.74
DD100834,2024-02-10,2,配饰,围巾,130.0,1,110.5,85,72.29,西南,白色,L,C10488,65.42
DD101116,2024-08-13,8,连衣裙,衬衫裙,650.0,1,650.0,100,325.83,华南,灰色,M,C10517,50.13
DD101167,2024-03-20,3,连衣裙,吊带裙,620.0,1,589.0,95,295.12,华南,藏青,S,C10226,50.11
DD101907,2024-03-26,3,上衣,卫衣,150.0,1,150.0,100,91.34,华北,驼色,L,C10166,60.89
DD100972,2024-10-04,10,上衣,针织衫,210.0,1,199.5,95,107.52,华南,酒红,XL,C10137,53.89
DD100400,2024-09-04,9,配饰,围巾,130.0,1,123.5,95,80.68,西南,藏青,XXL,C10463,65.33
DD100020,2024-06-06,6,连衣裙,A字裙,580.0,1,290.0,50,162.55,东北,米色,L,C10036,56.05
DD100685,2024-12-07,12,上衣,针织衫,160.0,1,160.0,100,99.72,华南,米色,M,C10073,62.32
DD100036,2024-11-28,11,外套,羽绒服,1290.0,1,1161.0,90,508.35,西南,黑色,XL,C10491,43.79
DD102460,2024-12-13,12,上衣,T恤,340.0,1,323.0,95,179.31,华北,白色,L,C10312,55.51
DD100525,2024-12-10,12,外套,羽绒服,700.0,2,1260.0,90,617.16,西南,米色,M,C10465,48.98
DD100921,2024-07-08,7,上衣,T恤,300.0,1,300.0,100,168.33,华中,酒红,S,C10245,56.11
DD101842,2024-03-20,3,上衣,T恤,90.0,2,162.0,90,105.43,华北,白色,XL,C10064,65.08
DD101891,2024-12-14,12,上衣,衬衫,290.0,1,275.5,95,158.4,华中,米色,XXL,C10408,57.5
DD100538,2024-12-08,12,裤装,休闲裤,360.0,2,648.0,90,374.28,华东,白色,M,C10092,57.76
DD101706,2024-05-20,5,连衣裙,针织裙,630.0,1,378.0,60,212.14,东北,白色,XXL,C10357,56.12
DD102543,2024-09-09,9,连衣裙,针织裙,400.0,1,400.0,100,218.61,华东,灰色,L,C10501,54.65
DD100246,2024-03-25,3,上衣,卫衣,260.0,1,260.0,100,171.93,东北,黑色,XS,C10565,66.13
DD100785,2024-09-09,9,连衣裙,吊带裙,210.0,1,210.0,100,102.01,华东,墨绿,XL,C10035,48.58
DD101410,2024-07-04,7,裤装,西装裤,330.0,1,313.5,95,154.53,华南,灰色,XL,C10203,49.29
DD100155,2024-08-03,8,裤装,休闲裤,270.0,1,270.0,100,124.44,华南,白色,XL,C10487,46.09
DD101687,2024-07-20,7,配饰,围巾,140.0,2,224.0,80,156.93,华北,白色,M,C10517,70.06
DD100626,2024-01-09,1,连衣裙,针织裙,210.0,2,399.0,95,236.2,华北,黑色,XL,C10133,59.2
DD102494,2024-03-08,3,连衣裙,吊带裙,690.0,1,552.0,80,317.61,东北,白色,M,C10574,57.54
DD101347,2024-05-15,5,配饰,腰带,120.0,1,72.0,60,51.47,华中,墨绿,M,C10515,71.49
DD100570,2024-06-18,6,外套,大衣,1090.0,1,1035.5,95,418.62,西南,白色,XS,C10201,40.43
DD101759,2024-05-26,5,连衣裙,吊带裙,700.0,1,665.0,95,338.73,华南,驼色,M,C10145,50.94
DD101817,2024-04-06,4,裤装,西装裤,380.0,2,760.0,100,419.32,华南,藏青,L,C10195,55.17
DD102066,2024-06-02,6,连衣裙,A字裙,270.0,2,459.0,85,281.47,华北,黑色,XXL,C10590,61.32
DD100128,2024-06-06,6,上衣,卫衣,340.0,1,340.0,100,202.01,西南,驼色,M,C10342,59.41
DD102580,2024-04-08,4,上衣,卫衣,210.0,1,199.5,95,112.14,华南,白色,XXL,C10370,56.21
DD102007,2024-06-11,6,外套,夹克,810.0,1,810.0,100,321.43,东北,酒红,L,C10484,39.68
DD100981,2024-05-15,5,上衣,T恤,340.0,1,340.0,100,213.97,东北,驼色,XXL,C10110,62.93
DD102577,2024-05-02,5,连衣裙,A字裙,490.0,1,490.0,100,246.25,西南,驼色,S,C10031,50.26
DD100191,2024-07-05,7,外套,羽绒服,900.0,1,900.0,100,352.51,华东,白色,XL,C10064,39.17
DD101140,2024-09-04,9,外套,夹克,800.0,1,760.0,95,332.83,东北,米色,L,C10422,43.79
DD100993,2024-06-04,6,裤装,休闲裤,430.0,1,387.0,90,213.74,华北,黑色,M,C10256,55.23
DD100700,2024-09-18,9,上衣,针织衫,340.0,1,306.0,90,184.88,西南,灰色,XL,C10028,60.42
DD100607,2024-05-06,5,外套,夹克,880.0,1,880.0,100,375.96,华东,墨绿,S,C10589,42.72
DD100181,2024-03-07,3,裤装,休闲裤,350.0,1,350.0,100,178.99,华东,藏青,XL,C10381,51.14
DD100302,2024-03-26,3,上衣,T恤,300.0,1,255.0,85,156.33,华中,黑色,XL,C10039,61.31
DD101061,2024-07-13,7,上衣,针织衫,270.0,1,270.0,100,149.79,西南,灰色,XL,C10368,55.48
DD102452,2024-11-05,11,上衣,卫衣,310.0,1,310.0,100,198.57,华北,黑色,L,C10172,64.05
DD102495,2024-02-16,2,上衣,衬衫,220.0,1,209.0,95,115.81,华东,藏青,XL,C10555,55.41
DD101070,2024-07-08,7,上衣,针织衫,290.0,1,290.0,100,156.19,华南,墨绿,S,C10127,53.86
DD102206,2024-04-10,4,上衣,衬衫,110.0,1,66.0,60,40.27,华中,白色,L,C10342,61.02
DD101244,2024-05-17,5,配饰,腰带,140.0,1,140.0,100,91.64,华南,米色,XXL,C10244,65.46
DD100017,2024-05-03,5,外套,风衣,1230.0,1,1107.0,90,490.78,华东,米色,XXL,C10337,44.33
DD102583,2024-12-04,12,连衣裙,针织裙,430.0,1,301.0,70,162.29,东北,墨绿,S,C10197,53.92
DD100547,2024-08-19,8,上衣,卫衣,170.0,2,340.0,100,203.3,华北,黑色,XL,C10266,59.79
DD100659,2024-11-14,11,裤装,休闲裤,360.0,1,306.0,85,174.41,东北,驼色,M,C10085,57.0
DD102346,2024-08-10,8,裤装,西装裤,490.0,1,490.0,100,227.96,华北,驼色,S,C10229,46.52
DD102376,2024-03-18,3,上衣,卫衣,310.0,1,294.5,95,182.73,华东,灰色,M,C10387,62.05
DD101505,2024-09-06,9,连衣裙,A字裙,490.0,1,465.5,95,248.01,华北,白色,L,C10435,53.28
DD100960,2024-02-13,2,上衣,T恤,350.0,1,315.0,90,194.35,华北,米色,XL,C10443,61.7
DD100798,2024-12-16,12,裤装,西装裤,410.0,1,410.0,100,232.46,东北,白色,L,C10278,56.7
DD100226,2024-04-10,4,上衣,衬衫,240.0,2,480.0,100,270.55,华南,黑色,S,C10262,56.36
DD102075,2024-04-16,4,连衣裙,A字裙,530.0,2,742.0,70,453.19,西南,白色,XL,C10575,61.08
DD101800,2024-11-12,11,配饰,帽子,200.0,1,190.0,95,134.71,华北,酒红,S,C10235,70.9
DD102568,2024-03-25,3,上衣,衬衫,190.0,1,190.0,100,112.76,华东,灰色,M,C10299,59.35
DD102278,2024-05-22,5,裤装,短裤,190.0,1,180.5,95,84.26,华北,黑色,L,C10114,46.68
DD102086,2024-01-17,1,连衣裙,吊带裙,600.0,1,570.0,95,316.29,华中,驼色,L,C10141,55.49
DD101694,2024-09-02,9,裤装,西装裤,450.0,1,450.0,100,247.46,华北,驼色,S,C10476,54.99
DD101046,2024-11-27,11,上衣,卫衣,360.0,1,342.0,95,220.81,华东,藏青,M,C10560,64.56
DD100470,2024-05-02,5,连衣裙,吊带裙,620.0,1,620.0,100,326.17,华中,白色,M,C10002,52.61
DD100955,2024-10-27,10,外套,羽绒服,1250.0,1,1250.0,100,525.56,华中,白色,L,C10319,42.04
DD102579,2024-12-17,12,外套,羽绒服,1190.0,1,1071.0,90,551.79,华中,藏青,XL,C10363,51.52
DD100640,2024-06-05,6,上衣,卫衣,300.0,1,300.0,100,171.23,东北,米色,L,C10582,57.08
DD102414,2024-08-23,8,上衣,卫衣,140.0,1,133.0,95,76.99,西南,黑色,M,C10574,57.89
DD101219,2024-05-06,5,裤装,短裤,380.0,1,361.0,95,193.49,华东,白色,S,C10542,53.6
DD101159,2024-03-22,3,连衣裙,吊带裙,410.0,1,369.0,90,201.08,华东,酒红,L,C10162,54.49
DD101416,2024-05-24,5,连衣裙,A字裙,310.0,1,279.0,90,161.85,华南,白色,XXL,C10558,58.01
DD102355,2024-05-13,5,连衣裙,衬衫裙,360.0,1,360.0,100,220.77,华中,墨绿,XL,C10004,61.33
DD101528,2024-10-23,10,连衣裙,针织裙,490.0,1,490.0,100,244.27,华中,灰色,M,C10519,49.85
DD102534,2024-07-12,7,上衣,衬衫,330.0,1,280.5,85,171.22,华北,驼色,L,C10213,61.04
DD101301,2024-03-24,3,上衣,T恤,180.0,2,288.0,80,173.8,华东,酒红,M,C10154,60.35
DD102488,2024-01-08,1,裤装,短裤,480.0,1,456.0,95,256.94,西南,墨绿,S,C10446,56.35
DD101604,2024-11-19,11,上衣,T恤,110.0,1,104.5,95,60.17,华中,酒红,L,C10277,57.58
DD100161,2024-10-11,10,连衣裙,针织裙,480.0,1,456.0,95,271.27,华中,黑色,L,C10597,59.49
DD101705,2024-12-02,12,上衣,卫衣,290.0,2,580.0,100,336.97,华南,黑色,XL,C10364,58.1
DD100957,2024-06-25,6,连衣裙,衬衫裙,350.0,1,350.0,100,174.68,西南,驼色,S,C10080,49.91
DD102529,2024-05-27,5,配饰,腰带,50.0,1,50.0,100,34.52,华东,墨绿,M,C10114,69.04
DD100878,2024-05-05,5,上衣,T恤,340.0,1,204.0,60,120.84,西南,米色,L,C10098,59.24
DD101920,2024-10-23,10,连衣裙,A字裙,270.0,2,486.0,90,295.09,华东,灰色,M,C10244,60.72
DD101885,2024-05-25,5,配饰,围巾,70.0,1,63.0,90,43.9,东北,酒红,XL,C10238,69.68
DD102201,2024-05-27,5,裤装,短裤,390.0,1,390.0,100,180.37,西南,藏青,XL,C10408,46.25
DD100099,2024-10-22,10,外套,大衣,1210.0,1,1149.5,95,487.25,华南,墨绿,S,C10112,42.39
DD102458,2024-08-05,8,裤装,牛仔裤,410.0,1,348.5,85,170.82,华北,酒红,XXL,C10062,49.02
DD100254,2024-05-17,5,连衣裙,A字裙,260.0,3,702.0,90,350.56,华北,白色,XL,C10094,49.94
DD100104,2024-12-12,12,连衣裙,衬衫裙,670.0,1,636.5,95,362.86,华北,米色,M,C10526,57.01
DD101446,2024-08-10,8,上衣,衬衫,320.0,1,288.0,90,187.77,华中,酒红,XS,C10548,65.2
DD101444,2024-12-08,12,上衣,T恤,100.0,1,100.0,100,63.91,华东,驼色,L,C10511,63.91
DD101649,2024-04-27,4,上衣,针织衫,300.0,4,1200.0,100,768.55,华中,酒红,S,C10318,64.05
DD100587,2024-08-27,8,上衣,T恤,290.0,1,290.0,100,188.41,华中,白色,L,C10577,64.97
DD100628,2024-10-22,10,上衣,T恤,360.0,1,360.0,100,229.11,华中,藏青,M,C10050,63.64
DD101697,2024-06-06,6,连衣裙,A字裙,220.0,1,209.0,95,115.45,华中,白色,M,C10563,55.24
DD102102,2024-07-17,7,上衣,针织衫,290.0,1,290.0,100,183.69,华中,米色,XS,C10093,63.34
DD102200,2024-01-19,1,上衣,针织衫,370.0,3,999.0,90,539.75,东北,墨绿,L,C10171,54.03
DD100404,2024-02-20,2,连衣裙,针织裙,480.0,1,480.0,100,266.27,西南,灰色,M,C10424,55.47
DD101155,2024-03-14,3,配饰,帽子,160.0,1,112.0,70,68.8,华南,酒红,XL,C10534,61.43
DD102256,2024-06-10,6,外套,羽绒服,880.0,1,792.0,90,397.7,华北,黑色,M,C10067,50.21
DD101683,2024-06-11,6,裤装,休闲裤,200.0,1,190.0,95,89.75,东北,黑色,M,C10362,47.24
DD102057,2024-01-15,1,上衣,衬衫,220.0,1,220.0,100,126.36,华中,墨绿,L,C10379,57.44
DD102471,2024-05-28,5,裤装,西装裤,200.0,1,200.0,100,100.49,东北,白色,L,C10152,50.24
DD100453,2024-07-19,7,外套,大衣,700.0,1,420.0,60,169.73,华中,黑色,M,C10013,40.41
DD102302,2024-11-08,11,上衣,衬衫,210.0,2,420.0,100,244.92,华北,灰色,S,C10485,58.31
DD101328,2024-05-20,5,配饰,腰带,190.0,1,190.0,100,118.64,东北,藏青,XS,C10135,62.44
DD102050,2024-10-17,10,裤装,短裤,410.0,1,389.5,95,195.5,华中,酒红,M,C10344,50.19
DD100881,2024-04-26,4,上衣,衬衫,150.0,3,450.0,100,277.77,华南,墨绿,S,C10174,61.73
DD102531,2024-08-03,8,外套,夹克,400.0,1,400.0,100,181.34,华中,黑色,XXL,C10402,45.34
DD100624,2024-05-09,5,连衣裙,针织裙,460.0,1,414.0,90,229.18,东北,白色,M,C10336,55.36
DD102408,2024-05-14,5,连衣裙,衬衫裙,560.0,1,560.0,100,306.84,华南,米色,XXL,C10010,54.79
DD101788,2024-05-19,5,连衣裙,衬衫裙,350.0,1,332.5,95,193.57,华北,藏青,S,C10580,58.22
DD100263,2024-03-07,3,裤装,休闲裤,200.0,1,200.0,100,113.1,华东,藏青,XL,C10378,56.55
DD101635,2024-10-07,10,配饰,帽子,70.0,1,70.0,100,46.1,华中,驼色,M,C10332,65.86
DD101439,2024-10-19,10,连衣裙,针织裙,640.0,1,512.0,80,258.2,华中,白色,XXL,C10307,50.43
DD102199,2024-05-18,5,上衣,针织衫,210.0,1,210.0,100,122.04,华东,藏青,L,C10466,58.11
DD101970,2024-02-26,2,裤装,西装裤,270.0,1,270.0,100,130.94,华南,白色,M,C10010,48.5
DD101803,2024-05-19,5,外套,大衣,1010.0,1,1010.0,100,493.64,华东,藏青,XS,C10364,48.88
DD100641,2024-05-11,5,裤装,西装裤,520.0,1,520.0,100,273.03,华南,墨绿,XS,C10579,52.51
DD102386,2024-10-28,10,连衣裙,A字裙,360.0,1,252.0,70,124.68,华南,黑色,XL,C10140,49.48
DD102461,2024-06-16,6,裤装,休闲裤,160.0,1,160.0,100,74.29,华南,墨绿,M,C10585,46.43
DD101960,2024-12-09,12,裤装,短裤,480.0,1,384.0,80,212.03,西南,灰色,XL,C10460,55.22
DD100489,2024-02-09,2,裤装,牛仔裤,450.0,1,427.5,95,250.31,华南,白色,M,C10569,58.55
DD101844,2024-05-10,5,连衣裙,A字裙,600.0,1,570.0,95,312.73,东北,米色,L,C10280,54.86
DD101735,2024-09-07,9,裤装,西装裤,450.0,1,360.0,80,173.18,华东,墨绿,XS,C10319,48.11
DD100147,2024-08-06,8,裤装,短裤,260.0,1,260.0,100,145.01,东北,驼色,L,C10484,55.77
DD101535,2024-06-16,6,裤装,牛仔裤,380.0,1,342.0,90,157.27,东北,灰色,S,C10173,45.99
DD101987,2024-04-10,4,连衣裙,针织裙,530.0,2,1060.0,100,568.17,西南,藏青,XS,C10047,53.6
DD101370,2024-07-10,7,外套,大衣,1230.0,1,615.0,50,269.89,西南,米色,L,C10390,43.88
DD102547,2024-12-19,12,上衣,衬衫,310.0,2,620.0,100,353.82,东北,酒红,S,C10325,57.07
DD100660,2024-07-19,7,上衣,T恤,160.0,1,144.0,90,82.87,东北,灰色,S,C10363,57.55
DD101795,2024-05-13,5,裤装,休闲裤,230.0,1,230.0,100,109.26,华南,灰色,M,C10348,47.5
DD100187,2024-04-22,4,上衣,衬衫,210.0,3,630.0,100,386.7,东北,白色,XXL,C10082,61.38
DD101148,2024-08-03,8,上衣,衬衫,110.0,2,220.0,100,138.61,华东,米色,XS,C10142,63.0
DD100609,2024-09-05,9,配饰,围巾,160.0,1,160.0,100,115.76,华北,米色,M,C10256,72.35
DD102192,2024-05-05,5,上衣,衬衫,220.0,4,880.0,100,509.18,西南,白色,XXL,C10064,57.86
DD101931,2024-01-28,1,裤装,牛仔裤,200.0,1,190.0,95,89.53,华中,黑色,L,C10316,47.12
DD100198,2024-08-24,8,裤装,牛仔裤,270.0,1,256.5,95,130.12,东北,黑色,M,C10593,50.73
DD102328,2024-04-05,4,上衣,衬衫,290.0,1,290.0,100,180.26,东北,藏青,M,C10593,62.16
DD100294,2024-01-20,1,连衣裙,针织裙,430.0,2,860.0,100,464.53,华北,米色,M,C10295,54.02
DD100767,2024-07-15,7,连衣裙,衬衫裙,600.0,1,540.0,90,314.34,东北,酒红,XXL,C10446,58.21
DD100401,2024-03-24,3,连衣裙,吊带裙,390.0,2,780.0,100,430.55,华南,黑色,XL,C10181,55.2
DD100123,2024-03-06,3,连衣裙,针织裙,680.0,1,612.0,90,300.83,东北,白色,M,C10537,49.16
DD100203,2024-01-27,1,上衣,卫衣,100.0,1,95.0,95,56.86,西南,酒红,XL,C10192,59.85
DD100836,2024-09-03,9,上衣,针织衫,220.0,1,220.0,100,120.26,华中,白色,M,C10062,54.66
DD102295,2024-04-09,4,裤装,休闲裤,380.0,2,684.0,90,353.37,华东,驼色,XXL,C10052,51.66
DD101440,2024-10-03,10,外套,大衣,410.0,1,287.0,70,139.39,西南,米色,M,C10492,48.57
DD101734,2024-09-16,9,上衣,T恤,190.0,1,171.0,90,95.94,东北,藏青,XL,C10503,56.11
DD101696,2024-09-20,9,上衣,针织衫,250.0,1,250.0,100,134.27,华东,驼色,XL,C10277,53.71
DD101708,2024-01-13,1,连衣裙,吊带裙,490.0,1,490.0,100,243.01,东北,藏青,M,C10531,49.59
DD102527,2024-05-08,5,连衣裙,衬衫裙,320.0,1,320.0,100,165.87,东北,酒红,M,C10293,51.83
DD101154,2024-06-28,6,连衣裙,吊带裙,330.0,1,297.0,90,148.95,华东,米色,XXL,C10497,50.15
DD101662,2024-05-11,5,上衣,卫衣,150.0,1,150.0,100,94.97,华中,墨绿,L,C10246,63.31
DD101760,2024-10-27,10,裤装,牛仔裤,380.0,1,380.0,100,180.39,华中,黑色,L,C10271,47.47
DD100855,2024-12-02,12,连衣裙,吊带裙,400.0,1,380.0,95,216.38,华北,米色,L,C10557,56.94
DD101590,2024-10-22,10,连衣裙,针织裙,610.0,1,610.0,100,379.75,东北,墨绿,XL,C10199,62.25
DD102268,2024-08-09,8,上衣,针织衫,190.0,1,180.5,95,114.01,华东,驼色,XL,C10209,63.16
DD100642,2024-06-27,6,裤装,牛仔裤,450.0,1,450.0,100,255.75,华东,酒红,M,C10122,56.83
DD100002,2024-01-21,1,外套,大衣,600.0,1,600.0,100,284.27,华南,墨绿,M,C10189,47.38
DD102161,2024-02-09,2,连衣裙,吊带裙,640.0,1,640.0,100,328.07,华中,驼色,XS,C10162,51.26
DD100699,2024-10-19,10,连衣裙,衬衫裙,510.0,1,433.5,85,246.16,华东,墨绿,XL,C10567,56.78
DD101637,2024-09-07,9,上衣,卫衣,290.0,1,275.5,95,152.08,华北,酒红,S,C10396,55.2
DD101292,2024-05-13,5,配饰,包包,180.0,1,162.0,90,110.71,华东,黑色,M,C10276,68.34
DD102480,2024-01-23,1,配饰,围巾,120.0,1,108.0,90,72.66,西南,酒红,L,C10397,67.28
DD101521,2024-10-25,10,上衣,卫衣,210.0,1,210.0,100,135.36,东北,黑色,L,C10591,64.46
DD101854,2024-08-21,8,裤装,短裤,190.0,1,190.0,100,108.72,华中,驼色,XL,C10230,57.22
DD101137,2024-05-19,5,裤装,西装裤,360.0,1,360.0,100,186.3,西南,黑色,M,C10064,51.75
DD102514,2024-04-24,4,配饰,帽子,250.0,1,200.0,80,135.4,东北,白色,L,C10170,67.7
DD101632,2024-08-17,8,上衣,针织衫,360.0,1,324.0,90,167.3,华北,驼色,L,C10396,51.64
DD101999,2024-04-10,4,上衣,卫衣,360.0,2,720.0,100,401.02,华北,灰色,L,C10062,55.7
DD100664,2024-11-18,11,上衣,T恤,360.0,1,360.0,100,233.03,华中,墨绿,M,C10143,64.73
DD100684,2024-04-27,4,裤装,西装裤,480.0,1,384.0,80,178.74,西南,黑色,L,C10463,46.55
DD101258,2024-06-28,6,上衣,卫衣,110.0,2,176.0,80,99.79,西南,藏青,XL,C10338,56.7
DD100318,2024-04-16,4,配饰,包包,150.0,1,105.0,70,67.79,西南,灰色,S,C10480,64.56
DD100649,2024-08-11,8,连衣裙,A字裙,620.0,1,527.0,85,306.52,东北,黑色,XS,C10212,58.16
DD101435,2024-08-10,8,外套,风衣,570.0,2,1083.0,95,484.03,华中,灰色,L,C10142,44.69
DD101480,2024-10-20,10,连衣裙,吊带裙,270.0,1,216.0,80,115.46,华东,黑色,M,C10387,53.45
DD100710,2024-10-22,10,裤装,短裤,420.0,1,399.0,95,223.27,西南,米色,XL,C10220,55.96
DD101283,2024-10-08,10,连衣裙,针织裙,560.0,1,560.0,100,313.35,华东,酒红,M,C10065,55.96
DD101769,2024-10-06,10,上衣,衬衫,170.0,1,144.5,85,93.86,华中,墨绿,XL,C10088,64.96
DD100973,2024-01-02,1,上衣,衬衫,170.0,4,680.0,100,363.62,西南,驼色,L,C10031,53.47
DD101307,2024-10-25,10,裤装,短裤,510.0,1,306.0,60,163.42,华中,藏青,L,C10377,53.41
DD101401,2024-10-23,10,上衣,针织衫,90.0,1,81.0,90,46.71,东北,白色,L,C10487,57.67
DD101409,2024-05-27,5,配饰,包包,270.0,1,256.5,95,190.52,华北,驼色,XL,C10306,74.28
DD102238,2024-12-29,12,连衣裙,针织裙,330.0,1,280.5,85,147.69,华中,米色,M,C10360,52.65
DD101497,2024-12-03,12,裤装,牛仔裤,270.0,1,216.0,80,96.63,西南,驼色,L,C10219,44.74
DD102039,2024-03-26,3,裤装,休闲裤,230.0,2,460.0,100,268.44,华东,黑色,S,C10076,58.36
DD101530,2024-08-22,8,配饰,围巾,260.0,1,221.0,85,145.77,华北,酒红,L,C10318,65.96
DD101664,2024-01-10,1,裤装,短裤,320.0,2,640.0,100,337.98,西南,灰色,L,C10263,52.81
DD101355,2024-04-23,4,上衣,衬衫,220.0,1,187.0,85,109.96,东北,驼色,S,C10057,58.8
DD102537,2024-06-25,6,配饰,腰带,280.0,2,560.0,100,376.9,华南,黑色,XL,C10272,67.3
DD102554,2024-11-19,11,外套,大衣,370.0,1,370.0,100,176.73,华中,酒红,M,C10390,47.76
DD101644,2024-09-17,9,外套,羽绒服,1080.0,2,2160.0,100,984.17,华东,酒红,XXL,C10526,45.56
DD101052,2024-05-21,5,配饰,包包,240.0,1,228.0,95,143.72,西南,灰色,S,C10061,63.04
DD100796,2024-08-17,8,连衣裙,吊带裙,250.0,1,250.0,100,136.08,东北,灰色,L,C10132,54.43
DD101598,2024-03-08,3,连衣裙,吊带裙,640.0,2,1280.0,100,630.12,华南,米色,XS,C10214,49.23
DD101820,2024-09-06,9,上衣,衬衫,360.0,1,360.0,100,226.57,华中,酒红,L,C10381,62.94
DD101723,2024-07-14,7,上衣,衬衫,350.0,1,297.5,85,180.71,东北,墨绿,M,C10136,60.74
DD101184,2024-12-03,12,上衣,针织衫,270.0,1,256.5,95,150.04,华南,驼色,S,C10541,58.5
DD101060,2024-11-07,11,裤装,休闲裤,340.0,1,340.0,100,183.02,西南,黑色,L,C10025,53.83
DD100541,2024-07-08,7,连衣裙,衬衫裙,560.0,1,560.0,100,311.12,华北,墨绿,M,C10507,55.56
DD101679,2024-10-16,10,裤装,休闲裤,590.0,1,590.0,100,307.95,华北,米色,L,C10484,52.19
DD102505,2024-07-02,7,裤装,休闲裤,570.0,1,570.0,100,308.8,西南,酒红,XXL,C10322,54.18
DD101758,2024-05-27,5,连衣裙,A字裙,580.0,1,580.0,100,280.88,华北,藏青,S,C10508,48.43
DD101924,2024-07-24,7,外套,风衣,1210.0,1,1210.0,100,593.48,东北,黑色,M,C10476,49.05
DD100096,2024-04-16,4,上衣,针织衫,170.0,1,161.5,95,105.44,华中,藏青,S,C10592,65.29
DD101021,2024-10-25,10,上衣,针织衫,260.0,1,234.0,90,134.72,东北,白色,M,C10482,57.57
DD100564,2024-05-28,5,上衣,卫衣,190.0,1,190.0,100,110.65,华南,酒红,L,C10470,58.24
DD100864,2024-09-09,9,配饰,腰带,50.0,1,30.0,60,21.1,华南,灰色,XXL,C10470,70.33
DD101485,2024-11-25,11,裤装,短裤,530.0,2,1060.0,100,539.76,东北,米色,S,C10499,50.92
DD101882,2024-01-24,1,配饰,围巾,220.0,1,220.0,100,154.3,华东,驼色,XL,C10316,70.14
DD101039,2024-05-22,5,外套,大衣,510.0,4,1836.0,90,830.93,西南,墨绿,M,C10346,45.26
DD100207,2024-07-20,7,配饰,围巾,140.0,1,133.0,95,94.88,华南,酒红,XL,C10378,71.34
DD100393,2024-12-17,12,连衣裙,衬衫裙,240.0,1,204.0,85,106.68,西南,酒红,L,C10382,52.29
DD100871,2024-06-24,6,配饰,腰带,210.0,1,189.0,90,116.78,东北,白色,XL,C10246,61.79
DD100398,2024-04-24,4,上衣,T恤,380.0,1,342.0,90,206.61,华中,藏青,XS,C10164,60.41
DD102499,2024-05-06,5,上衣,卫衣,190.0,1,190.0,100,118.28,华南,驼色,S,C10089,62.25
DD101029,2024-05-24,5,上衣,卫衣,290.0,1,290.0,100,167.25,西南,酒红,XL,C10436,57.67
DD101486,2024-04-27,4,外套,羽绒服,670.0,1,636.5,95,297.12,华中,藏青,XL,C10148,46.68
DD100961,2024-11-16,11,连衣裙,衬衫裙,220.0,1,220.0,100,128.13,华北,驼色,S,C10461,58.24
DD101571,2024-04-12,4,裤装,西装裤,480.0,1,432.0,90,220.19,华中,藏青,XL,C10103,50.97
DD101896,2024-01-22,1,外套,羽绒服,470.0,3,1410.0,100,684.35,华东,米色,L,C10125,48.54
DD102147,2024-09-24,9,连衣裙,衬衫裙,430.0,1,430.0,100,216.51,华北,驼色,XXL,C10283,50.35
DD100805,2024-08-02,8,连衣裙,吊带裙,310.0,1,294.5,95,141.2,东北,酒红,M,C10588,47.95
DD101752,2024-09-21,9,上衣,卫衣,390.0,1,312.0,80,201.53,东北,酒红,M,C10566,64.59
DD102455,2024-08-25,8,连衣裙,吊带裙,460.0,1,460.0,100,233.56,华中,墨绿,M,C10012,50.77
DD100503,2024-01-10,1,连衣裙,吊带裙,210.0,2,294.0,70,169.18,华南,灰色,XL,C10231,57.54
DD100780,2024-05-12,5,外套,风衣,840.0,2,1428.0,85,729.19,华北,藏青,L,C10010,51.06
DD101864,2024-10-13,10,配饰,围巾,220.0,1,220.0,100,150.56,华南,黑色,XXL,C10407,68.44
DD100201,2024-02-16,2,上衣,T恤,370.0,2,740.0,100,432.78,东北,藏青,M,C10106,58.48
DD102183,2024-02-06,2,配饰,腰带,170.0,3,510.0,100,345.99,华北,米色,XL,C10324,67.84
DD102089,2024-10-25,10,上衣,衬衫,230.0,1,218.5,95,135.75,华中,白色,L,C10454,62.13
DD102279,2024-10-06,10,上衣,衬衫,260.0,1,208.0,80,115.03,华中,黑色,M,C10289,55.3
DD101797,2024-06-14,6,裤装,牛仔裤,450.0,1,450.0,100,256.19,西南,白色,XL,C10540,56.93
DD100379,2024-01-12,1,连衣裙,衬衫裙,590.0,1,590.0,100,308.35,华中,白色,L,C10588,52.26
DD102337,2024-10-13,10,外套,羽绒服,740.0,1,740.0,100,329.42,华北,灰色,M,C10403,44.52
DD100419,2024-02-17,2,连衣裙,吊带裙,490.0,1,465.5,95,254.96,东北,米色,S,C10333,54.77
DD101699,2024-10-24,10,上衣,衬衫,180.0,1,180.0,100,114.66,华中,米色,M,C10493,63.7
DD100392,2024-11-24,11,配饰,包包,250.0,4,950.0,95,683.94,华北,米色,L,C10236,71.99
DD101523,2024-02-13,2,外套,风衣,900.0,1,810.0,90,334.3,华东,酒红,L,C10110,41.27
DD101163,2024-09-12,9,上衣,衬衫,360.0,2,720.0,100,412.08,华南,米色,XXL,C10233,57.23
DD101496,2024-06-20,6,外套,夹克,840.0,2,1596.0,95,645.67,华中,灰色,XL,C10481,40.46
DD102028,2024-01-15,1,外套,羽绒服,1050.0,3,3150.0,100,1477.73,华中,驼色,L,C10364,46.91
DD101153,2024-01-13,1,连衣裙,A字裙,470.0,1,423.0,90,241.45,华北,驼色,M,C10108,57.08
DD101368,2024-12-27,12,裤装,牛仔裤,440.0,1,396.0,90,182.57,华东,藏青,M,C10227,46.1
DD100065,2024-04-03,4,裤装,休闲裤,380.0,1,380.0,100,197.18,华中,墨绿,L,C10014,51.89
DD102063,2024-10-14,10,外套,羽绒服,1130.0,1,1073.5,95,561.12,华北,灰色,XS,C10230,52.27
DD101181,2024-04-04,4,连衣裙,针织裙,390.0,1,390.0,100,238.45,华北,酒红,L,C10398,61.14
DD100493,2024-09-13,9,连衣裙,吊带裙,380.0,1,380.0,100,215.44,华中,米色,M,C10125,56.69
DD100380,2024-04-21,4,上衣,卫衣,300.0,1,300.0,100,176.62,华中,灰色,S,C10074,58.87
DD102236,2024-07-28,7,外套,风衣,940.0,1,940.0,100,375.1,华中,灰色,S,C10385,39.9
DD100764,2024-05-05,5,连衣裙,衬衫裙,380.0,1,380.0,100,222.71,华北,黑色,XS,C10105,58.61
DD102265,2024-02-22,2,裤装,休闲裤,470.0,3,1410.0,100,774.89,华中,藏青,M,C10564,54.96
DD100792,2024-01-20,1,上衣,卫衣,250.0,2,450.0,90,256.95,华南,驼色,S,C10203,57.1
DD101077,2024-09-06,9,上衣,卫衣,120.0,2,204.0,85,110.96,西南,黑色,L,C10284,54.39
DD100879,2024-04-20,4,连衣裙,A字裙,590.0,1,590.0,100,289.76,华北,墨绿,S,C10212,49.11
DD100338,2024-09-05,9,连衣裙,针织裙,400.0,1,400.0,100,212.59,华北,驼色,S,C10280,53.15
DD102344,2024-08-25,8,连衣裙,针织裙,370.0,1,370.0,100,192.54,华东,白色,XXL,C10515,52.04
DD101017,2024-10-14,10,上衣,针织衫,250.0,1,250.0,100,150.04,华南,驼色,XXL,C10526,60.02
DD101276,2024-05-07,5,上衣,卫衣,290.0,1,290.0,100,150.7,华中,墨绿,XL,C10341,51.97
DD100456,2024-03-19,3,裤装,西装裤,570.0,1,570.0,100,327.77,华东,米色,L,C10199,57.5
DD100816,2024-10-07,10,裤装,短裤,250.0,1,250.0,100,140.21,华中,墨绿,L,C10294,56.08
DD102318,2024-09-17,9,连衣裙,吊带裙,570.0,1,570.0,100,326.34,华中,灰色,XXL,C10407,57.25
DD100996,2024-06-18,6,连衣裙,A字裙,680.0,1,680.0,100,347.6,西南,墨绿,S,C10363,51.12
DD101982,2024-05-19,5,连衣裙,针织裙,530.0,1,503.5,95,254.73,华南,白色,S,C10169,50.59
DD100202,2024-02-09,2,上衣,针织衫,360.0,1,360.0,100,218.36,西南,驼色,XL,C10022,60.66
DD100162,2024-01-18,1,外套,大衣,500.0,3,1500.0,100,724.55,东北,墨绿,L,C10131,48.3
DD101580,2024-05-18,5,外套,大衣,420.0,1,399.0,95,148.05,华北,灰色,M,C10033,37.11
DD102450,2024-10-23,10,上衣,T恤,330.0,1,330.0,100,204.16,东北,墨绿,L,C10005,61.87
DD100703,2024-01-10,1,连衣裙,A字裙,460.0,1,460.0,100,244.2,华北,米色,XL,C10342,53.09
DD101501,2024-07-13,7,外套,羽绒服,710.0,1,639.0,90,298.75,西南,灰色,L,C10181,46.75
DD101130,2024-02-27,2,连衣裙,吊带裙,350.0,1,350.0,100,190.15,华南,驼色,M,C10160,54.33
DD101022,2024-02-22,2,上衣,针织衫,170.0,1,161.5,95,90.41,华北,白色,XL,C10196,55.98
DD101586,2024-06-18,6,外套,大衣,630.0,3,1890.0,100,800.15,华南,白色,XL,C10403,42.34
DD101956,2024-08-03,8,连衣裙,吊带裙,200.0,1,190.0,95,114.04,东北,藏青,M,C10202,60.02
DD102254,2024-05-13,5,裤装,牛仔裤,510.0,1,510.0,100,292.49,华南,米色,L,C10454,57.35
DD100035,2024-12-22,12,上衣,卫衣,240.0,1,240.0,100,138.02,华中,藏青,XXL,C10143,57.51
DD100776,2024-06-10,6,上衣,卫衣,250.0,1,250.0,100,155.57,西南,灰色,S,C10228,62.23
DD101479,2024-02-22,2,上衣,T恤,280.0,1,280.0,100,148.64,华中,墨绿,M,C10327,53.09
DD101391,2024-03-25,3,连衣裙,吊带裙,250.0,2,425.0,85,208.81,华北,灰色,M,C10054,49.13
DD102140,2024-08-23,8,上衣,卫衣,170.0,1,161.5,95,99.01,华东,灰色,XS,C10575,61.31
DD101364,2024-10-08,10,连衣裙,针织裙,390.0,1,370.5,95,186.38,华中,白色,M,C10434,50.3
DD102042,2024-07-20,7,连衣裙,吊带裙,330.0,1,264.0,80,146.38,华东,酒红,XS,C10569,55.45
DD100242,2024-07-28,7,配饰,围巾,210.0,1,210.0,100,131.79,华南,米色,M,C10104,62.76
DD102062,2024-05-28,5,连衣裙,吊带裙,630.0,1,630.0,100,370.41,华中,墨绿,XL,C10585,58.8
DD102364,2024-10-07,10,连衣裙,针织裙,650.0,1,650.0,100,346.61,华南,驼色,M,C10041,53.32
DD100601,2024-01-27,1,裤装,西装裤,570.0,1,570.0,100,305.44,东北,酒红,XS,C10293,53.59
DD102436,2024-03-09,3,裤装,牛仔裤,490.0,1,465.5,95,228.7,华中,灰色,M,C10572,49.13
DD101298,2024-08-13,8,连衣裙,吊带裙,580.0,1,464.0,80,263.85,西南,驼色,XS,C10253,56.86
DD102215,2024-07-12,7,连衣裙,针织裙,430.0,1,430.0,100,215.4,华东,米色,M,C10210,50.09
DD102069,2024-11-26,11,裤装,短裤,530.0,3,1431.0,90,685.08,华东,米色,M,C10199,47.87
DD100647,2024-10-08,10,配饰,帽子,70.0,1,66.5,95,40.2,华东,白色,M,C10228,60.45
DD101529,2024-03-04,3,上衣,衬衫,150.0,1,120.0,80,66.58,华中,墨绿,M,C10483,55.48
DD101268,2024-04-22,4,外套,大衣,500.0,2,1000.0,100,417.03,华北,米色,L,C10448,41.7
DD101900,2024-08-24,8,裤装,短裤,290.0,1,275.5,95,162.27,华东,黑色,XXL,C10147,58.9
DD100563,2024-04-15,4,裤装,短裤,550.0,2,990.0,90,480.81,华南,白色,M,C10599,48.57
DD100190,2024-08-15,8,外套,大衣,1190.0,1,1190.0,100,565.28,东北,藏青,L,C10575,47.5
DD101807,2024-05-21,5,裤装,西装裤,440.0,2,440.0,50,208.68,华南,藏青,L,C10012,47.43
DD100976,2024-03-20,3,连衣裙,A字裙,380.0,1,361.0,95,188.86,华东,藏青,S,C10185,52.32
DD102048,2024-06-11,6,外套,风衣,380.0,2,456.0,60,225.32,华南,黑色,S,C10169,49.41
DD102559,2024-10-22,10,外套,大衣,1020.0,2,1836.0,90,732.17,华南,墨绿,L,C10028,39.88
DD101083,2024-12-18,12,连衣裙,吊带裙,460.0,1,437.0,95,259.08,华东,驼色,S,C10305,59.29
DD100475,2024-10-27,10,外套,夹克,720.0,2,1224.0,85,589.81,东北,酒红,M,C10447,48.19
DD100748,2024-06-22,6,裤装,短裤,500.0,1,500.0,100,263.49,华南,墨绿,S,C10516,52.7
DD102301,2024-02-03,2,配饰,围巾,300.0,1,300.0,100,193.9,华北,白色,M,C10491,64.63
DD100022,2024-02-20,2,裤装,短裤,590.0,1,560.5,95,259.91,华东,黑色,L,C10175,46.37
DD100460,2024-10-15,10,连衣裙,吊带裙,620.0,1,620.0,100,362.09,华北,酒红,S,C10518,58.4
DD101185,2024-06-05,6,连衣裙,A字裙,240.0,1,240.0,100,133.84,华中,米色,S,C10100,55.77
DD102325,2024-10-15,10,外套,大衣,510.0,1,484.5,95,195.73,西南,酒红,XL,C10368,40.4
DD100956,2024-03-10,3,上衣,T恤,160.0,1,160.0,100,95.23,东北,藏青,M,C10560,59.52
DD101216,2024-08-25,8,上衣,卫衣,250.0,2,500.0,100,283.95,西南,黑色,M,C10464,56.79
DD102434,2024-06-17,6,裤装,西装裤,320.0,1,288.0,90,143.47,华北,藏青,M,C10266,49.82
DD101516,2024-11-22,11,连衣裙,A字裙,410.0,1,389.5,95,236.63,华中,藏青,XXL,C10517,60.75
DD102392,2024-05-10,5,配饰,包包,140.0,1,140.0,100,90.8,西南,酒红,XXL,C10048,64.86
DD100770,2024-02-20,2,裤装,西装裤,200.0,2,400.0,100,200.52,华北,驼色,L,C10513,50.13
DD101686,2024-05-17,5,连衣裙,A字裙,370.0,1,314.5,85,158.05,华东,黑色,L,C10598,50.25
DD100131,2024-10-13,10,连衣裙,针织裙,540.0,1,513.0,95,274.26,华南,酒红,M,C10035,53.46
DD102136,2024-09-20,9,连衣裙,针织裙,600.0,1,600.0,100,327.85,华北,白色,L,C10073,54.64
DD101483,2024-02-06,2,配饰,围巾,200.0,1,200.0,100,147.59,东北,藏青,L,C10081,73.8
DD100331,2024-04-26,4,上衣,卫衣,260.0,2,468.0,90,266.62,华东,黑色,M,C10415,56.97
DD101239,2024-05-03,5,配饰,帽子,170.0,1,170.0,100,118.34,华北,驼色,S,C10233,69.61
DD100467,2024-09-27,9,上衣,卫衣,290.0,2,551.0,95,315.29,华中,驼色,XL,C10373,57.22
DD102170,2024-07-13,7,连衣裙,衬衫裙,470.0,4,1598.0,85,817.58,华中,酒红,XL,C10468,51.16
DD101639,2024-01-12,1,上衣,T恤,340.0,1,340.0,100,216.68,华北,米色,L,C10177,63.73
DD101096,2024-10-21,10,连衣裙,A字裙,560.0,1,532.0,95,326.85,华南,米色,L,C10309,61.44
DD101131,2024-03-10,3,配饰,腰带,160.0,1,160.0,100,96.29,西南,藏青,M,C10249,60.18
DD101295,2024-01-02,1,上衣,卫衣,320.0,1,288.0,90,164.59,华北,白色,XXL,C10390,57.15
DD100861,2024-03-09,3,上衣,卫衣,160.0,1,160.0,100,89.29,东北,墨绿,M,C10038,55.81
